Type avion,Compagnie,Nombre de mouvements réalisés,Nombre de vol atterris décollés,Nombre de passagers max réalisés,Nombre de passagers réalisés moyen
100,ADRIA AIRWAYS,164,164,119,61.23170731707317
100,AIR BALTIC,3,3,85,53.666666666666664
100,AIR FRANCE,962,962,113,68.58731808731808
100,AIRLINAIR,2,2,16,8.0
100,AVANTI_AIR GMBH & CO,72,72,109,27.47222222222222
100,CARPATAIR S.A.,181,181,100,39.92817679558011
100,CITYJET,7,7,100,22.857142857142858
100,CROATIA AIRLINES,17,17,109,64.47058823529412
100,DENIM AIR,18,18,109,29.944444444444443
100,HELVETIC AIRWAYS AG,11,11,87,44.54545454545455
100,HOP!,4385,4385,114,70.32542759407069
100,INTERSKY LUFTFAHRT,1,1,0,0.0
100,JETAIRFLY,2,2,77,38.5
100,LUFTHANSA,2,2,76,73.5
100,MONTENEGRO AIRLINES,934,934,114,76.27194860813705
100,OLT,2,2,39,19.5
100,ROYAL AIR MAROC,3,3,0,0.0
100,SKYBRIDGE AIROPS Srl,1,1,0,0.0
100,SLOVAK GOVERNMENT FL,12,12,0,0.0
100,SMALL PLANET AIR,6,6,101,44.5
100,SWISS INTL AIR LINES,1301,1301,101,77.35511145272866
100,TAP PORTUGAL,1003,1003,99,80.321036889332
100,TNT AIRWAYS,1,1,0,0.0
100,TRADE AIR D.O.O.,134,134,109,53.514925373134325
100,TUNISAIR EXPRESS,4,4,81,37.5
146,AIR FRANCE,5388,5388,122,69.07498144023756
146,AIRLINAIR,37,37,23,1.135135135135135
146,ASTRA AIRLINES,2,2,79,39.5
146,AVANTI_AIR GMBH & CO,4,4,87,41.75
146,BMI REGIONAL,25,25,44,28.8
146,BRITAIR,24,24,0,0.0
146,BULGARIA AIR  EAD,6,6,86,81.33333333333333
146,CELLO AVIATION LTD,9,9,46,26.22222222222222
146,CITYJET,2,2,95,47.5
146,DARWIN AIRLINE,2,2,6,5.0
146,DENIM AIR,4,4,26,12.25
146,EASYJET AIRLINES CO,108,108,89,78.62037037037037
146,FLYBE,10,10,115,69.5
146,GERMANWINGS GMBH,2,2,73,66.5
146,HOP!,356,356,100,5.553370786516854
146,JOTA AVIATION LTD,4,4,76,35.0
146,LA COMPAGNIE,2,2,32,16.0
146,MHS AVIATION GMBH,4,4,66,32.75
146,REGIONAL CIE AERIENN,1,1,0,0.0
146,ROYAL AIR FORCE,14,14,17,2.5
146,TITAN AIRWAYS LTD,2,2,52,50.0
146,TNT AIRWAYS,784,784,1,0.002551020408163265
146,TRANSAVIA.COM,4,4,70,29.0
146,WDL AVIATION,124,124,100,37.814516129032256
14F,ASL AIRLINES BELGIUM,10,10,0,0.0
14F,ASL AIRLINES FRANCE,40,40,0,0.0
14F,ROYAL AIR FORCE,4,4,0,0.0
14F,TNT AIRWAYS,1620,1620,0,0.0
180,AIR FRANCE,2,2,1,0.5
180,PAN EUROPEENNE AIR S,2,2,0,0.0
220,AIR BALTIC,688,688,147,118.97819767441861
220,SWISS INTL AIR LINES,1049,1049,140,105.930409914204
310,AIR FRANCE,20,20,242,152.25
310,AIR MEDITERRANEE,12,12,235,147.33333333333334
310,AIR TRANSAT,2696,2696,342,229.84532640949556
310,AL-ATHEER ESTABLISH,2,2,0,0.0
310,AMBASSADE CANADA,4,4,0,0.0
310,CANADIAN ARMED FORCE,4,4,0,0.0
310,CORSAIR INTL,7,7,234,117.57142857142857
310,COTAM,3095,3095,214,44.28562197092084
310,FORCE AER. ESPAGNE,6,6,60,20.0
310,G.OPS_SARL,6,6,40,6.666666666666667
310,GERMAN AIR FORCE,76,76,150,17.17105263157895
310,HERMES AIRLINES,2,2,0,0.0
310,HI FLY,4,4,209,87.75
310,IRAN AIR,134,134,196,127.93283582089552
310,JETAIRFLY,2,2,191,95.5
310,KUWAIT AIRWAYS,64,64,185,99.25
310,MAHAN AIRLINES,2,2,74,40.0
310,QATAR AMIRI FLIGHT,54,54,56,7.888888888888889
310,QATAR EXECUTIVE,2,2,0,0.0
310,ROYAL AIR MAROC,134,134,246,154.65671641791045
310,SATA INTERNACIONAL,14,14,221,110.07142857142857
310,TACV,8,8,155,99.5
310,TAP PORTUGAL,7,7,233,172.85714285714286
310,TAROM,68,68,213,120.1470588235294
310,TRANSAVIA.COM,6,6,191,78.5
310,TUNIS AIR,56,56,233,150.78571428571428
310,TURK HAVA YOLLARI,14,14,0,0.0
310,UZBEKISTAN AIRWAYS,2,2,148,119.5
310,VUELING AIRLINES SA,2,2,166,153.0
310,WHITE S.A,14,14,191,103.07142857142857
310,XL AIRWAYS FRANCE,4,4,250,185.5
31F,MNG AIRLINES,8,8,0,0.0
31F,TURK HAVA YOLLARI,258,258,0,0.0
32S,ACROPOLIS AVIATION L,4,4,8,2.0
32S,ADRIA AIRWAYS,362,362,180,87.47790055248619
32S,AEGEAN  AIRLINES,18232,18232,203,150.56746379991225
32S,AER LINGUS,24414,24414,213,135.03915786024413
32S,AEROFLOT,15112,15112,177,109.4510322922181
32S,AFRIQIYAH AIRWAYS,224,224,150,77.12946428571429
32S,AIGLE AZUR,67688,67688,236,126.22099929086396
32S,AIR ALGERIE,1531,1531,182,116.88047028086218
32S,AIR ARABIA EGYPT,90,90,179,144.93333333333334
32S,AIR ARABIA MAROC,1237,1237,176,109.15763945028294
32S,AIR ARMENIA Joint-St,93,93,170,65.50537634408602
32S,AIR ATLANTA ICELAND,4,4,0,0.0
32S,AIR BERLIN INC,3786,3786,212,132.72081352350767
32S,AIR CAIRO,896,896,178,143.21428571428572
32S,AIR CORSICA,20178,20178,220,128.628456735058
32S,AIR EUROPA,4,4,185,173.0
32S,AIR FRANCE,1370846,1370846,223,127.34021764662114
32S,AIR ITALY SPA,2,2,171,149.5
32S,AIR MALTA PLC,9011,9011,180,122.94184885140383
32S,AIR MEDITERRANEE,10003,10003,225,151.6337098870339
32S,AIR MOLDOVA,76,76,93,56.578947368421055
32S,AIR ONE SPA,422,422,180,115.72985781990522
32S,AIR SERBIA,6928,6928,174,114.23931870669746
32S,AIR SEYCHELLES,2,2,143,71.5
32S,AIR VIA,2,2,180,90.0
32S,AIRBUS SAS,4,4,120,30.0
32S,AIREXPLORE s.r.o.,2,2,0,0.0
32S,ALBA STAR,1,1,0,0.0
32S,ALITALIA,45261,45261,200,118.92156602814785
32S,ALITALIA EXPRESS,1,1,44,44.0
32S,ALK AIRLINES,2,2,0,0.0
32S,ALMASRIA UNIVERSAL A,146,146,205,152.32876712328766
32S,ALPHA STAR,8,8,10,2.5
32S,AMBASSADE CAMEROUN,1,1,0,0.0
32S,AMBASSADE GAMBIE,2,2,25,25.0
32S,AMBASSADE ITALIE,6,6,31,8.333333333333334
32S,AMBASSADE OMAN,8,8,150,19.375
32S,AMBASSADE SENEGAL,44,44,36,2.8863636363636362
32S,AMBASSADE TURQUIE,3,3,0,0.0
32S,ANISEC LUFTFAHRT GMB,504,504,215,129.18650793650792
32S,ARKEFLY,1,1,0,0.0
32S,ARKIA ISRAELI AIRLIN,115,115,218,147.0
32S,ARMAVIA,22,22,110,47.0
32S,ASL AIRLINES BELGIUM,2,2,0,0.0
32S,ASL AIRLINES FRANCE,2,2,126,63.0
32S,ASTRA AIRLINES,458,458,182,141.6943231441048
32S,ATC CJSC (GOV),4,4,32,22.5
32S,ATLANTIC AIRWAYS FAR,4,4,156,70.0
32S,ATLANTIQUE AIR ASSIS,7,7,100,14.285714285714286
32S,ATLASGLOBAL,2478,2478,220,125.5544794188862
32S,ATLASJET HAVACILIK,62,62,210,143.0483870967742
32S,AUSTRIAN AIRLINES,15062,15062,335,150.50783428495552
32S,AVCON JET AG,2,2,0,0.0
32S,AVIATION LINK,2,2,8,4.0
32S,AVION EXPRESS,3,3,182,116.66666666666667
32S,AVIRO AIR,8,8,183,85.375
32S,AZAL AZERBAIJAN AIRL,2636,2636,175,70.25531107738999
32S,BAA JET MANAJEMENT L,2,2,0,0.0
32S,BELLE AIR,4,4,140,104.0
32S,BELLE AIR EUROPE,2,2,148,146.0
32S,BH AIR,129,129,215,104.37209302325581
32S,BINGO AIRWAYS,12,12,102,8.5
32S,BRITISH AIRWAYS,48972,48972,229,118.35469247733398
32S,BRUSSELS AIRLINES,8859,8859,181,87.97460209955977
32S,BULGARIA AIR  EAD,2350,2350,180,109.89659574468085
32S,C.A.I. Second S.p.A.,3301,3301,196,89.60951226900939
32S,CAMAIR-CO,4,4,104,29.0
32S,CITYJET,2,2,89,88.5
32S,COBALT AIR,494,494,159,100.88259109311741
32S,CONDOR FLUGDIENST GM,2,2,3,1.5
32S,CORENDON AIRLINES,102,102,208,136.2156862745098
32S,CORENDON DUTCH AIR,4,4,0,0.0
32S,CORSAIR INTL,2,2,180,90.0
32S,CROATIA AIRLINES,7971,7971,174,110.90967256304103
32S,CYPRUS AIRWAYS,1398,1398,168,111.00071530758225
32S,CZECH AIR FORCE,2,2,6,6.0
32S,CZECH AIRLINES,13208,13208,202,121.10364930345246
32S,DAIMLERCHRYSLER AVIA,4,4,156,42.0
32S,DANISH AIR TRANSPORT,6,6,180,40.0
32S,DART LIMITED TRUST D,1,1,0,0.0
32S,EASYJET AIRLINES CO,341905,341905,215,149.9514894488235
32S,EASYJET SWITZERLAND,15224,15224,191,145.85444035733053
32S,EDELWEISS AIR,4,4,123,54.25
32S,EGYPTAIR,1338,1338,161,93.70926756352765
32S,EL AL,6,6,170,134.33333333333334
32S,ELLINAIR,2,2,0,0.0
32S,ENTER AIR,19,19,168,81.10526315789474
32S,ERNEST SPA,7,7,144,51.857142857142854
32S,EUROPE AIRPOST,13,13,133,29.53846153846154
32S,EUROWINGS AG,6456,6456,193,99.89947335811648
32S,EVELOP AIRLINES S.L,54,54,180,133.90740740740742
32S,EVERJETS AVIACAO EX,2,2,140,70.0
32S,FINNAIR,20752,20752,207,130.30059753276794
32S,FLY ONE S.R.L,320,320,183,121.396875
32S,FORCE AERIENNE BELGI,12,12,131,46.5
32S,FORCE AERIENNE ITALI,6,6,0,0.0
32S,FREEBIRD AIRLINES,672,672,215,136.07440476190476
32S,GERMAN AIR FORCE,4,4,0,0.0
32S,GERMANIA FLUGGESELLS,434,434,264,117.09907834101382
32S,GERMANWINGS GMBH,11332,11332,174,94.12327920931874
32S,GLOBAL JET LUXEMBOUR,6,6,14,3.6666666666666665
32S,GO2SKY,2,2,145,72.5
32S,GULF AIR COMPANY,4896,4896,180,78.28819444444444
32S,HAMBURG AIRWAYS,4,4,125,44.5
32S,HELLO AG,7,7,173,73.0
32S,HERMES AIRLINES,862,862,220,154.21461716937355
32S,HOLIDAYS CZECH AIR,175,175,181,128.87428571428572
32S,HOP!,8,8,130,64.25
32S,HUNNU AIR LLC,42,42,96,60.95238095238095
32S,IBERIA,28952,28952,202,140.0116399557889
32S,IBERIA EXPRESS,3205,3205,212,145.66458658346335
32S,IBERWORLD AIRLINES,2,2,122,61.0
32S,IRAN AIR,2,2,113,91.0
32S,ISRAIR AIRLINES,237,237,180,118.16455696202532
32S,JET2.COM LIMITED,36,36,146,106.41666666666667
32S,JETAIRFLY,104,104,180,144.97115384615384
32S,K5-AVIATION,2,2,0,0.0
32S,LATAM AIRLINES GROUP,2,2,0,0.0
32S,LIMITLESS AIRWAYS,53,53,183,121.64150943396227
32S,LOT,5,5,160,90.8
32S,LUFTHANSA,62127,62127,204,117.82823892993385
32S,MALETH-AERO AOC LTD,6,6,144,66.66666666666667
32S,MASTERJET AVIACAO,9,9,17,1.8888888888888888
32S,MERIDIANA SPA,16,16,176,104.5625
32S,MIDDLE EAST AIRLINES,178,178,151,103.85393258426966
32S,MONARCH AIRLINES LTD,18,18,193,54.05555555555556
32S,MONTENEGRO AIRLINES,2,2,87,50.0
32S,NATIONAL AIR SERVICE,6,6,4,0.8333333333333334
32S,NEOS SPA,1,1,0,0.0
32S,NESMA AIRLINES,312,312,179,143.35256410256412
32S,NEW LIVINGSTON,47,47,180,71.72340425531915
32S,NIKI LUFTFAHRT GMBH,6107,6107,220,127.77517602750942
32S,NILE AIR,8,8,179,90.375
32S,NORDWIND AIRLINES,2,2,0,0.0
32S,NORWEGIAN AIR INTERN,1,1,0,0.0
32S,NORWEGIAN.NO,394,394,182,152.44162436548223
32S,NOUVEL AIR TUNISIE,12554,12554,221,146.5717699537996
32S,NOVAIR,4,4,200,100.0
32S,OLYMPIC AIRLINES SA,4,4,99,50.75
32S,ONUR AIR TASIMACILIK,5416,5416,222,157.07533234859676
32S,ORANGE2FLY AIRLINES,2,2,178,89.0
32S,PEGASUS AIRLINES,3164,3164,186,156.4680783817952
32S,PJSC AEROFLOT,12610,12610,293,122.05360824742269
32S,PRESIDENCE DE LA REP,30,30,40,3.1666666666666665
32S,PRIMERA AIR,290,290,220,160.50689655172414
32S,PRIMERA AIR NORDIC,5,5,172,97.8
32S,PRIVILEGE STYLE,4,4,144,57.0
32S,QATAR AMIRI FLIGHT,41,41,30,6.170731707317073
32S,QATAR EXECUTIVE,16,16,31,13.75
32S,ROSSIYA,3004,3004,178,103.83555259653795
32S,ROYAL AIR MAROC,1500,1500,198,122.92
32S,ROYAL JORDANIAN,4830,4830,220,87.36894409937888
32S,SATA INTERNACIONAL,348,348,165,99.04310344827586
32S,SAUDIA,1546,1546,180,93.59055627425614
32S,SCANDINAVIAN,12868,12868,202,126.75435188063413
32S,SENEGAL AIRLINES,1,1,0,0.0
32S,SILK WAY BUSINESS,6,6,11,5.333333333333333
32S,SKY AIRLINES,40,40,219,156.95
32S,SKY PRIME AVIATION S,2,2,0,0.0
32S,SLOVAK GOVERNMENT FL,12,12,58,4.833333333333333
32S,SMALL PLANET,2,2,0,0.0
32S,SMALL PLANET AIR,1344,1344,220,137.26116071428572
32S,SMALL PLANET AIRLINE,1461,1461,182,128.56947296372348
32S,SMALL PLANET GERMANY,40,40,179,31.825
32S,SMARTLYNX AIRLINES,271,271,206,113.32841328413284
32S,SMARTLYNX ESTONIA,127,127,180,71.37795275590551
32S,SMARTWINGS,2,2,136,68.5
32S,SPECIAL FLIGHT DET,4,4,0,0.0
32S,STRATEGIC AIRLINES,2,2,108,54.0
32S,SUN EXPRESS GERMANY,1,1,0,0.0
32S,SUNDAIR GMBH,12,12,174,72.33333333333333
32S,SWISS INTL AIR LINES,17515,17515,217,115.51732800456752
32S,SYPHAX AIRLINES,4008,4008,208,102.00848303393214
32S,SYRIAN ARAB AIRLINES,120,120,147,47.8
32S,TACV,21,21,180,87.0
32S,TAP PORTUGAL,50803,50803,217,113.2341397161585
32S,TAROM,4512,4512,253,81.83045212765957
32S,THOMAS COOK AIRLINES,28,28,212,76.75
32S,THOMAS COOK BELGIUM,92,92,179,72.80434782608695
32S,THOMAS COOK SCANDINA,10,10,195,66.9
32S,TITAN AIRWAYS LTD,33,33,220,92.54545454545455
32S,TRADE AIR D.O.O.,9,9,180,79.11111111111111
32S,TRANSAERO AIRLINES,18,18,183,129.77777777777777
32S,TRANSAVIA HOLLAND BV,2,2,0,0.0
32S,TRANSAVIA.COM,9201,9201,197,145.53537658950114
32S,TRAVEL SERVICE,528,528,183,98.45643939393939
32S,TUI FLY BELGIUM,30,30,189,95.9
32S,TUIFLY NORDIC AB,2,2,0,0.0
32S,TUNIS AIR,27558,27558,220,112.67501270048625
32S,TUNISAIR EXPRESS,68,68,164,68.19117647058823
32S,TURK HAVA YOLLARI,11027,11027,194,141.71143556724402
32S,TYROLEAN JET SERVICE,2,2,7,3.5
32S,UKRAINE,10,10,32,6.4
32S,UKRAINE INTL AIRLINE,2,2,177,133.5
32S,URAL AIRLINES,420,420,167,121.98333333333333
32S,UZBEKISTAN AIRWAYS,30,30,134,75.23333333333333
32S,VIETJET AVIATION J.S,4,4,0,0.0
32S,VLADIVOSTOK AIR,5,5,0,0.0
32S,VLM AIRLINES NV,6,6,176,75.33333333333333
32S,VOLOTEA,77,77,150,64.88311688311688
32S,VUELING AIRLINES SA,149699,149699,238,144.15320743625543
32S,WATANIYA AIRWAYS,1,1,0,0.0
32S,WHITE S.A,489,489,182,127.15746421267893
32S,WIND JET SPA,294,294,180,119.82993197278911
32S,WIND ROSE,10,10,212,101.1
32S,WINDROSE AIR,18,18,213,92.11111111111111
32S,WOW AIR,3238,3238,222,165.68282890673254
32S,XL AIRWAYS FRANCE,731,731,209,129.22161422708618
32S,XL AIRWAYS GERMANY,2,2,0,0.0
32S,YEMENIA,12,12,137,77.75
330,AEROFLOT,152,152,299,198.32236842105263
330,AFRIQIYAH AIRWAYS,2,2,0,0.0
330,AIGLE AZUR,844,844,347,194.1670616113744
330,AIR ALGERIE,14514,14514,377,182.59260024803638
330,AIR AUSTRAL,14,14,319,192.71428571428572
330,AIR BERLIN INC,29,29,359,193.44827586206895
330,AIR CALIN,1,1,0,0.0
330,AIR CANADA,484,484,292,249.72520661157026
330,AIR CARAIBES ATLANTI,63,63,352,36.55555555555556
330,AIR CARAIBES S.A.,20433,20433,591,296.31488278764743
330,AIR CHINA,5224,5224,380,196.03483920367535
330,AIR CORSICA,8,8,380,251.625
330,AIR EUROPA,431,431,387,234.3016241299304
330,AIR FRANCE,59502,59502,388,169.56263655003193
330,AIR GREENLAND A,8,8,239,110.5
330,AIR MADAGASCAR,18,18,239,124.11111111111111
330,AIR MALTA PLC,4,4,335,182.25
330,AIR SEYCHELLES,1136,1136,254,181.57570422535213
330,AIR TRANSAT,7512,7512,398,321.61554845580406
330,ALITALIA,26,26,261,97.0
330,ALMASRIA UNIVERSAL A,4,4,257,224.25
330,AMBASSADE TURQUIE,4,4,0,0.0
330,AMERICAN AIRLINES,3578,3578,288,181.70067076579093
330,ARKEFLY,1,1,0,0.0
330,BH AIR,6,6,212,59.333333333333336
330,BRUSSELS AIRLINES,2,2,206,103.0
330,CAMAIR-CO,3,3,317,129.33333333333334
330,CHINA EASTERN,7346,7346,414,198.89041655322626
330,CHINA SOUTHERN AIR,5022,5022,380,188.53504579848666
330,CONDOR FLUGDIENST GM,2,2,0,0.0
330,CORSAIR INTL,14642,14642,408,271.91524381915036
330,COTAM,499,499,75,4.430861723446894
330,CUBANA,18,18,268,166.88888888888889
330,CZECH AIRLINES,4,4,277,205.5
330,DELTA AIR LINES,15620,15620,510,241.4483994878361
330,EADS CASA,7,7,0,0.0
330,EGYPTAIR,4664,4664,304,211.59455403087478
330,EL AL,8,8,305,138.5
330,ETIHAD AIRWAYS,859,859,440,202.46915017462166
330,EUROPE AIRPOST,6,6,148,72.0
330,FORCE AER. AUSTRALIE,4,4,237,59.25
330,FORCE AERIENNE BELGI,40,40,190,35.225
330,FORCE AERIENNE FRANC,8,8,29,3.625
330,FRENCH BEE,359,359,378,315.34818941504176
330,FRENCH BLUE,301,301,378,310.40199335548175
330,G.OPS_SARL,2,2,0,0.0
330,GARUDA INDONESIA AIR,2,2,0,0.0
330,GULF AIR COMPANY,296,296,380,150.75
330,HAINAN AIRLINES,1288,1288,292,206.27639751552795
330,HI FLY,42,42,215,9.595238095238095
330,IBERIA,178,178,288,204.91011235955057
330,IBERIA EXPRESS,10,10,253,116.8
330,IBERWORLD AIRLINES,18,18,0,0.0
330,ICELANDAIR,10,10,292,153.4
330,IRAN AIR,316,316,238,160.76898734177215
330,JAT AIRWAYS INDIA LT,3080,3080,336,213.77532467532467
330,JET AIRWAYS (INDIA),4,4,0,0.0
330,JETAIRFLY,4,4,0,0.0
330,JETEX FLT SUPPORT,2,2,0,0.0
330,JORDAN AVIATION,4,4,237,118.5
330,KLM,9,9,159,17.77777777777778
330,KUWAIT AIRWAYS,1478,1478,212,125.18335588633288
330,LA COMPAGNIE,1,1,64,64.0
330,MIDDLE EAST AIRLINES,10140,10140,372,209.75157790927022
330,NORWEGIAN.NO,168,168,330,212.0
330,OMAN AIR,2168,2168,292,170.98939114391143
330,ONUR AIR TASIMACILIK,2,2,307,244.0
330,OPENSKIES,503,503,380,222.38568588469184
330,ORBEST,1,1,0,0.0
330,PJSC AEROFLOT,46,46,296,208.30434782608697
330,PULLMANTUR AIR S.A.,11,11,406,95.9090909090909
330,QATAR AIRWAYS,932,932,308,238.03540772532187
330,QATAR AMIRI FLIGHT,186,186,41,9.204301075268818
330,ROYAL AIR FORCE,2,2,140,70.0
330,ROYAL AIR MAROC,78,78,344,195.74358974358975
330,ROYAL JORDANIAN,74,74,280,199.67567567567568
330,SAUDIA,1502,1502,440,211.72436750998668
330,SCANDINAVIAN,2,2,222,185.0
330,SENEGAL AIRLINES,3,3,0,0.0
330,SMALL PLANET AIRLINE,2,2,180,177.0
330,SRILANKAN AIRLINES,2022,2022,300,228.68694362017803
330,SURINAM AIRWAYS,1,1,0,0.0
330,SWISS INTL AIR LINES,26,26,234,141.42307692307693
330,SYPHAX AIRLINES,226,226,279,185.03982300884957
330,TAM LINHAS AEREAS SA,2154,2154,223,188.28505106778087
330,TAP PORTUGAL,214,214,279,190.2429906542056
330,TASSILI AIRLINES SPA,8,8,268,172.5
330,THOMAS COOK AIRLINES,2,2,0,0.0
330,THOMAS COOK SCANDINA,8,8,401,99.875
330,TITAN AIRWAYS LTD,3,3,257,85.66666666666667
330,TRANSAVIA.COM,33,33,309,150.36363636363637
330,TRAVEL SERVICE POLSK,2,2,266,133.0
330,TUI FLY BELGIUM,2,2,168,147.5
330,TUIFLY NORDIC AB,1,1,0,0.0
330,TUNIS AIR,1762,1762,272,195.24120317820658
330,TURK HAVA YOLLARI,9672,9672,305,225.94396195202646
330,US AIRWAYS,4066,4066,308,211.46974913920315
330,VLADIVOSTOK AIR,8,8,0,0.0
330,VUELING AIRLINES SA,2,2,184,182.0
330,WOW AIR,1140,1140,351,296.39736842105265
330,XL AIRWAYS FRANCE,12863,12863,411,284.2795615330794
330,YEMENIA,358,358,286,98.70949720670392
33F,ETIHAD AIRWAYS,40,40,0,0.0
33F,MNG AIRLINES,908,908,0,0.0
33F,QATAR AIRWAYS,102,102,0,0.0
33F,TURK HAVA YOLLARI,26,26,0,0.0
340,AFRIQIYAH AIRWAYS,1,1,0,0.0
340,AIGLE AZUR,25,25,296,189.36
340,AIR ALGERIE,464,464,324,184.36853448275863
340,AIR AUSTRAL,13,13,233,92.92307692307692
340,AIR BELGIUM SA,2,2,247,123.5
340,AIR CARAIBES ATLANTI,2,2,0,0.0
340,AIR CARAIBES S.A.,92,92,324,193.42391304347825
340,AIR CHINA,670,670,440,196.42537313432837
340,AIR FRANCE,40621,40621,477,227.54100096009452
340,AIR MADAGASCAR,1928,1928,282,191.20435684647302
340,AIR MAURITIUS,4892,4892,309,272.7115699100572
340,AIR MEDITERRANEE,4,4,201,88.5
340,AIR TAHITI NUI,3500,3500,526,238.54257142857142
340,AIR X CHARTER LTD,26,26,100,39.15384615384615
340,AIRASIA X,104,104,333,263.5480769230769
340,AMBASSADE EGYPTE,8,8,0,0.0
340,AMBASSADE THAILANDE,2,2,100,50.0
340,ASL AIRLINES FRANCE,2,2,252,213.5
340,AZAL AZERBAIJAN AIRL,36,36,226,82.41666666666667
340,BLUE 1 OY,2,2,248,124.0
340,CAMAIR-CO,16,16,230,71.6875
340,CATHAY PACIFIC AIRWA,1326,1326,283,237.31674208144796
340,CORSAIR INTL,470,470,380,251.05957446808512
340,COTAM,2966,2966,402,83.87896156439649
340,CUBANA,76,76,440,161.1315789473684
340,EDELWEISS AIR,1,1,0,0.0
340,EL AL,26,26,262,187.07692307692307
340,EMIRATES,4,4,76,51.75
340,ETIHAD AIRWAYS,5320,5320,319,253.75263157894736
340,FINNAIR,2,2,185,152.0
340,FORCE AERIENNE EGYPT,2,2,0,0.0
340,FRENCH BEE,2,2,265,132.5
340,FRENCH BLUE,6,6,300,195.5
340,GERMAN AIR FORCE,10,10,94,13.4
340,GLOBAL JET IOM LTD,2,2,6,3.0
340,HI FLY,30,30,213,66.2
340,HI FLY MALTA,14,14,301,42.92857142857143
340,IBERIA,118,118,348,251.5593220338983
340,ICELANDAIR,1,1,0,0.0
340,JETAIRFLY,7,7,284,125.71428571428571
340,KUWAIT AIRWAYS,601,601,267,140.31946755407654
340,LA COMPAGNIE,2,2,68,34.0
340,LUFTHANSA,6,6,384,102.83333333333333
340,MAHAN AIRLINES,852,852,308,166.28169014084506
340,NORWEGIAN AIR INTERN,1,1,0,0.0
340,NORWEGIAN.NO,118,118,284,231.9406779661017
340,NOVAIR,1,1,0,0.0
340,OPENSKIES,16,16,266,143.875
340,PHILIPPINE AIR LINES,2,2,0,0.0
340,PLUS ULTRA LINEAS AE,20,20,35,1.75
340,QATAR AIRWAYS,5756,5756,475,246.08425990271022
340,QATAR AMIRI FLIGHT,220,220,49,11.245454545454546
340,QATAR EXECUTIVE,71,71,51,8.19718309859155
340,ROYAL AIR MAROC,23,23,295,155.7391304347826
340,ROYAL JORDANIAN,12,12,259,165.5
340,SAUDIA,6,6,31,5.166666666666667
340,SCANDINAVIAN,10,10,208,187.2
340,SMALL PLANET AIR,7,7,180,124.0
340,SMALL PLANET AIRLINE,1,1,0,0.0
340,SRILANKAN AIRLINES,10,10,296,244.5
340,SURINAM AIRWAYS,40,40,0,0.0
340,SWISS INTL AIR LINES,18,18,222,184.27777777777777
340,TAP PORTUGAL,14,14,250,160.35714285714286
340,THAI AIRWAYS INTL,2,2,0,0.0
340,TRANSAVIA.COM,17,17,300,140.1764705882353
340,TUI FLY BELGIUM,2,2,234,117.0
340,TUNIS AIR,140,140,295,151.17142857142858
340,TURK HAVA YOLLARI,6,6,268,237.5
340,UNIVERSAL AIRWAYS IN,4,4,35,8.75
340,VUELING AIRLINES SA,4,4,180,64.25
340,WOW AIR,2,2,288,287.0
340,XL AIRWAYS FRANCE,95,95,356,257.2842105263158
350,AIR CARAIBES ATLANTI,2,2,0,0.0
350,AIR CARAIBES S.A.,2356,2356,431,360.33658743633276
350,AIR MAURITIUS,792,792,330,299.69823232323233
350,AIRBUS SAS,16,16,211,50.3125
350,CATHAY PACIFIC AIRWA,742,742,285,234.46226415094338
350,ETHIOPIAN AIRLINES,88,88,341,272.1931818181818
350,FINNAIR,2,2,197,190.0
350,FRENCH BEE,608,608,411,336.67269736842104
350,FRENCH BLUE,184,184,409,332.1576086956522
350,IBERIA,26,26,348,257.84615384615387
350,LATAM AIRLINES GROUP,68,68,339,297.19117647058823
350,QATAR AIRWAYS,1044,1044,285,221.65613026819923
350,TAM LINHAS AEREAS S.,372,372,339,304.0241935483871
350,TAM LINHAS AEREAS SA,380,380,339,313.87894736842105
350,VIETNAM AIRLINES,3282,3282,358,263.62187690432665
380,AIR AUSTRAL,19,19,466,309.63157894736844
380,AIR FRANCE,29879,29879,534,450.77730178386156
380,CHINA SOUTHERN AIR,2,2,538,269.0
380,EMIRATES,12394,12394,615,442.69194771663706
380,ETIHAD AIRWAYS,1017,1017,497,377.19567354965585
380,HI FLY MALTA,1,1,0,0.0
380,KOREAN AIR LINES CO,3492,3492,429,341.0598510882016
380,MALAYSIA AIRLINES,1782,1782,490,392.5465768799102
380,QATAR AIRWAYS,3880,3880,519,407.5556701030928
380,SINGAPORE AIRLINES,4628,4628,468,333.46931719965426
380,THAI AIRWAYS INTL,3980,3980,650,399.63341708542714
400,COTAM,6,6,18,3.0
400,TURKISH AIR FORCE,4,4,0,0.0
707,AMBASSADE CONGO (REP,4,4,0,0.0
707,FORCE AERIENNE ISRAE,2,2,0,0.0
717,SCANDINAVIAN,396,396,122,98.54797979797979
717,VOLOTEA,204,204,130,59.51470588235294
727,AIR BERLIN INC,14,14,176,139.14285714285714
727,AMBASSADE AFRIQUE DU,1,1,12,12.0
727,AMBASSADE COTE D'IVO,2,2,0,0.0
727,AMBASSADE GAMBIE,4,4,0,0.0
727,AMBASSADE MALI,2,2,5,5.0
727,MALIBU CONSULTING CO,2,2,2,2.0
727,PRESIDENCE DE LA REP,2,2,0,0.0
727,SOUTH AFRICAN AIR FO,3,3,12,4.0
737,2EXCEL AVIATION,2,2,59,29.5
737,ADRIA AIRWAYS,5,5,137,68.2
737,AEGEAN  AIRLINES,14,14,167,128.35714285714286
737,AER LINGUS,4,4,130,129.0
737,AEROFLOT,98,98,158,107.83673469387755
737,AFRIQIYAH AIRWAYS,2,2,96,86.5
737,AIGLE AZUR,311,311,189,93.65594855305466
737,AIR ALGERIE,46939,46939,215,107.17940305502887
737,AIR ARABIA MAROC,2,2,0,0.0
737,AIR ARMENIA Joint-St,12,12,106,67.75
737,AIR ATLANTA ICELAND,1,1,0,0.0
737,AIR BALTIC,8148,8148,147,94.54896907216495
737,AIR BERLIN INC,4220,4220,189,123.69478672985782
737,AIR BUCHAREST,4,4,123,56.75
737,AIR CAIRO,98,98,182,157.1326530612245
737,AIR CARAIBES S.A.,4,4,142,70.75
737,AIR CHINA,2,2,47,47.0
737,AIR CONTRACTORS LTD,22,22,151,40.40909090909091
737,AIR CORSICA,132,132,189,40.97727272727273
737,AIR EUROPA,43764,43764,290,149.00562105840416
737,AIR FRANCE,410,410,203,111.06341463414634
737,AIR HORIZONT LDT,23,23,168,77.73913043478261
737,AIR ITALY SPA,1,1,0,0.0
737,AIR LITUANICA,24,24,75,47.666666666666664
737,AIR MALTA PLC,26,26,173,127.53846153846153
737,AIR MEDITERRANEAN S,166,166,168,137.69277108433735
737,AIR MEDITERRANEE,3482,3482,204,90.0120620333142
737,AIR MEMPHIS,2,2,185,140.0
737,AIR NOSTRUM L.A.M.,2,2,89,80.5
737,AIR POLAND,4,4,180,128.5
737,AIR SAINT PIERRE,15,15,150,100.4
737,AIR SERBIA,238,238,144,88.56302521008404
737,AIR TRANSAT,34,34,1,0.029411764705882353
737,AIR X CHARTER LTD,98,98,130,29.193877551020407
737,AIREXPLORE s.r.o.,91,91,184,76.49450549450549
737,ALBA STAR,148,148,186,82.73648648648648
737,ALITALIA,2,2,154,77.0
737,ALK AIRLINES,2,2,139,138.5
737,AMBASSADE CHINE,1,1,40,40.0
737,AMBASSADE ETATS-UNIS,14,14,0,0.0
737,AMBASSADE IRAK,7,7,0,0.0
737,AMBASSADE MALI,4,4,102,32.0
737,AMBASSADE NIGER,24,24,39,2.4583333333333335
737,AMBASSADE TCHAD,2,2,0,0.0
737,AMBASSADE TUNISIE,6,6,38,12.666666666666666
737,AMC AIRLINES,278,278,189,149.6294964028777
737,ARABASCO AIR SERVICE,2,2,27,13.5
737,ARIK AIR LTD,2,2,89,85.5
737,ARKEFLY,12,12,175,59.333333333333336
737,ARKIA ISRAELI AIRLIN,486,486,189,148.25925925925927
737,ARMAVIA,98,98,99,47.755102040816325
737,ASL AIRLINES BELGIUM,18,18,0,0.0
737,ASL AIRLINES FRANCE,5726,5726,154,78.99126179657462
737,ASL AIRLINES LIMITED,19,19,148,78.15789473684211
737,ASL AIRLINES SWITZER,1,1,0,0.0
737,ASTRA AIRLINES,70,70,179,146.77142857142857
737,ATLANTIC AIRLINES LT,17,17,0,0.0
737,ATLASGLOBAL,6,6,182,153.5
737,AURELA CO. LTD,1,1,0,0.0
737,AUSTRIAN AIRLINES,626,626,183,149.8626198083067
737,BEIJING AIRLINES,3,3,23,15.333333333333334
737,BELAVIA,2076,2076,188,77.43015414258188
737,BLUE AIR AIRLINE MAN,114,114,183,90.1842105263158
737,BLUE AIR AVIATION S.,208,208,187,94.78846153846153
737,BLUE AIR TRANSPORT,8,8,129,45.0
737,BLUE PANORAMA ARLNS,17,17,189,52.11764705882353
737,BMI REGIONAL,4,4,43,33.5
737,BMIBABY,416,416,144,84.67788461538461
737,BRUSSELS AIRLINES,1296,1296,162,77.55401234567901
737,BULGARIA AIR  EAD,22,22,148,118.81818181818181
737,CALIMA DE AVIACION,3,3,0,0.0
737,CAMAIR-CO,358,358,211,68.87988826815642
737,CANJET AIRLINES,3,3,0,0.0
737,CELLO AVIATION LTD,14,14,50,7.142857142857143
737,CENTRAL CHARTER AIR,13,13,177,97.84615384615384
737,CITYJET,2,2,80,40.0
737,COBALT AIR,10,10,136,76.4
737,CONDOR FLUGDIENST GM,4,4,0,0.0
737,CORENDON AIRLINES,173,173,189,125.73410404624278
737,CORENDON AIRLINES EU,16,16,179,111.9375
737,CORENDON DUTCH AIR,43,43,189,87.02325581395348
737,CORSAIR INTL,327,327,288,151.80733944954127
737,CROATIA AIRLINES,16,16,146,105.0625
737,CZECH AIRLINES,2178,2178,210,131.39485766758494
737,DARWIN AIRLINE,4,4,52,39.25
737,DONAVIA JSC,6,6,154,95.5
737,DUBAI AIR WING,4,4,4,1.0
737,EGYPTAIR,882,882,189,105.35600907029479
737,EL AL,6951,6951,189,135.09365558912387
737,ENTER AIR,6926,6926,194,124.90889402252382
737,EQUATORIAL CONGO,7,7,44,39.142857142857146
737,ESTONIAN AIR,54,54,118,96.11111111111111
737,ETHIOPIAN AIRLINES,30,30,153,23.2
737,EURO ATLANTIC AIRWAY,2,2,115,57.5
737,EUROPE AIRPOST,4404,4404,189,60.07788374205268
737,EUROPEAN AIR TRANSPO,529,529,0,0.0
737,EUROWINGS AG,168,168,180,117.0
737,EVELOP AIRLINES S.L,4,4,177,44.25
737,EXPRESS AIR CARGO,310,310,1,0.0032258064516129032
737,FARNAIR HUNGARY KFT.,2,2,0,0.0
737,FINNAIR,4,4,125,93.25
737,FLY EGYPT,208,208,188,160.45673076923077
737,FLY ONE S.R.L,8,8,147,115.875
737,FORCE AERIENNE COLOM,4,4,0,0.0
737,FORCE AERIENNE MAROC,26,26,5,0.34615384615384615
737,FORCE AERIENNE NIGER,4,4,0,0.0
737,FORCE AERIENNE PEROU,22,22,30,3.5
737,FUERZA AEREA,6,6,39,13.0
737,GAIN JET AVIATION S.,44,44,173,22.431818181818183
737,GAZPROMAVIA,14,14,120,55.42857142857143
737,GEORGIAN AIRWAYS,390,390,157,63.52307692307692
737,GERMANIA FLUGGESELLS,60,60,148,64.01666666666667
737,GERMANWINGS GMBH,198,198,180,130.46969696969697
737,GLOBAL JET AUSTRIA,2,2,4,2.0
737,GO2SKY,65,65,176,72.95384615384616
737,HANWHA WHEMICAL CORP,4,4,0,0.0
737,HERMES AIRLINES,195,195,133,61.4974358974359
737,HOP!,5,5,0,0.0
737,ICELANDAIR,258,258,162,135.85658914728683
737,IRAQI AIRWAYS,1,1,0,0.0
737,ISRAIR AIRLINES,21,21,184,124.95238095238095
737,JAT AIRWAYS,1656,1656,149,99.86111111111111
737,JET AVIATION BUSINES,2,2,2,1.0
737,JET TIME A/S,26,26,176,57.61538461538461
737,JET2.COM LIMITED,4611,4611,189,108.72392105833876
737,JET4YOU,581,581,190,148.21514629948365
737,JETAIRFLY,12081,12081,197,155.8082940153961
737,JETEX FLT SUPPORT,4,4,55,26.75
737,KENYA AIRWAYS,2,2,35,27.5
737,KLM,26373,26373,238,136.36749706138855
737,KUBAN AIRLINES,4,4,120,78.0
737,LONGTAIL AVIATION LT,2,2,0,0.0
737,LOT,2183,2183,186,131.8891433806688
737,LUFTHANSA,8384,8384,139,81.81357347328245
737,LUXAIR,281,281,190,68.355871886121
737,MALETH-AERO AOC LTD,99,99,150,53.01010101010101
737,MALEV,190,190,179,91.89473684210526
737,MAURITANIA AIRLINES,290,290,160,41.210344827586205
737,MERIDIANA SPA,492,492,186,104.42479674796748
737,MID EAST JET INC,2,2,0,0.0
737,MISTRAL AIR SRL,72,72,168,77.79166666666667
737,MNG AIRLINES,2,2,0,0.0
737,MONARCH AIRLINES LTD,1,1,0,0.0
737,MONTENEGRO AIRLINES,90,90,125,90.72222222222223
737,NATIONAL AIR SERVIC,6,6,25,6.666666666666667
737,NEOS SPA,138,138,186,82.93478260869566
737,NEW LIVINGSTON,4,4,0,0.0
737,NIKI LUFTFAHRT GMBH,2,2,174,163.0
737,NORWEGIAN AIR INTERN,1901,1901,192,166.14308258811153
737,NORWEGIAN.NO,14418,14418,238,151.56207518379804
737,NOUVEL AIR TUNISIE,19,19,184,128.94736842105263
737,NOVAIR,4,4,0,0.0
737,ONUR AIR TASIMACILIK,6,6,197,159.0
737,PACIFIC SKY AVIATION,2,2,2,2.0
737,PEGASUS AIRLINES,7318,7318,194,147.48469527193222
737,PETROFF AIR,4,4,2,0.5
737,PJSC AEROFLOT,366,366,159,123.66120218579235
737,PRIMERA AIR,376,376,193,143.35638297872342
737,PRIMERA AIR NORDIC,809,809,193,133.66501854140915
737,PRIVAJET LTD,2,2,7,7.0
737,PRIVATAIR,5,5,0,0.0
737,ROSSIYA,184,184,189,105.0
737,ROYAL AIR MAROC,65480,65480,188,120.17871105681124
737,ROYAL JET LLC,14,14,8,0.5714285714285714
737,SAFAIR (PTY) LTD,1,1,0,0.0
737,SATA INTERNACIONAL,13,13,186,86.3076923076923
737,SAUDIA,4,4,6,1.5
737,SAYEGH  AVIATION EU,2,2,125,124.0
737,SCANDINAVIAN,21136,21136,185,109.11837623012869
737,SKY AIRLINES,170,170,214,164.1235294117647
737,SMALL PLANET,4,4,147,73.5
737,SMALL PLANET AIR,70,70,179,84.92857142857143
737,SMALL PLANET AIRLINE,239,239,179,100.92887029288703
737,SMALL PLANET GERMANY,2,2,0,0.0
737,SMART AVIATION COMP,2,2,141,70.5
737,SMARTLYNX AIRLINES,18,18,179,108.16666666666667
737,SMARTLYNX ESTONIA,12,12,179,66.41666666666667
737,SMARTWINGS,2076,2076,193,128.27456647398844
737,STAR AIR AS,2,2,0,0.0
737,SUN EXPRESS GERMANY,18,18,184,52.611111111111114
737,SUNEXPRESS,832,832,192,156.98557692307693
737,SUNWING AIRLINES,1,1,0,0.0
737,SWISS INTL AIR LINES,6,6,119,95.5
737,SYPHAX AIRLINES,3,3,148,145.66666666666666
737,TACV,322,322,189,74.18012422360249
737,TAILWIND HAVAYOLLARI,60,60,188,110.53333333333333
737,TAP PORTUGAL,20,20,185,138.6
737,TAROM,5392,5392,882,93.29543768545994
737,TASSILI AIRLINES SPA,1412,1412,189,91.30736543909349
737,THOMAS COOK AIRLINES,2,2,0,0.0
737,THOMAS COOK BELGIUM,3,3,0,0.0
737,THOMAS COOK SCANDINA,6,6,0,0.0
737,THOMSONFLY,26,26,190,72.03846153846153
737,TITAN AIRWAYS LTD,24,24,130,54.916666666666664
737,TNT AIRWAYS,379,379,0,0.0
737,TRADE AIR D.O.O.,4,4,136,59.0
737,TRANSAERO AIRLINES,1906,1906,158,109.31794333683106
737,TRANSAVIA HOLLAND BV,1809,1809,193,144.1525704809287
737,TRANSAVIA.COM,137021,137021,267,158.46414053320294
737,TRAVEL SERVICE,8575,8575,203,115.05072886297376
737,TRAVEL SERVICE A.S.,4,4,166,94.0
737,TRAVEL SERVICE POLSK,5,5,148,55.4
737,TRAVEL SERVICE SLOVE,1,1,0,0.0
737,TUI FLY BELGIUM,8787,8787,312,146.5734607943553
737,TUIFLY GMBH,49,49,185,56.183673469387756
737,TUIFLY NORDIC AB,6,6,162,27.0
737,TUNIS AIR,6940,6940,186,90.29798270893372
737,TUNISAIR EXPRESS,50,50,119,63.68
737,TURK HAVA YOLLARI,5870,5870,188,123.9495741056218
737,TURKMENISTAN RLINES,576,576,186,67.22569444444444
737,UKRAINE INTL AIRLINE,7135,7135,212,136.9323055360897
737,UNIVERSAL AIRWAYS IN,10,10,4,0.9
737,VUELING AIRLINES SA,33,33,180,127.18181818181819
737,WELLS FARGO EQPT,1,1,0,0.0
737,WESTJET CANADA,298,298,175,156.1275167785235
737,WHITE S.A,26,26,180,125.11538461538461
737,WIND ROSE,2,2,106,53.0
737,WOW AIR,4,4,167,64.5
737,XL AIRWAYS FRANCE,5454,5454,202,138.77942794279429
737,YAKUTIA AIRLINES,20,20,167,98.15
73F,AIR CONTRACTORS LTD,1,1,0,0.0
73F,AIR MEDITERRANEE,2,2,119,115.5
73F,ASL AIRLINES BELGIUM,761,761,0,0.0
73F,ASL AIRLINES FRANCE,4067,4067,0,0.0
73F,ASL AIRLINES HUNGARY,2,2,0,0.0
73F,ASL AIRLINES LIMITED,2,2,0,0.0
73F,ATLANTIC AIRLINES LT,887,887,0,0.0
73F,BLUEBIRD CARGO,3,3,0,0.0
73F,CARGO AIR LTD,2,2,0,0.0
73F,EUROPE AIRPOST,6812,6812,147,3.069289489136817
73F,EUROPEAN AIR TRANSPO,5564,5564,0,0.0
73F,EXPRESS AIR CARGO,380,380,0,0.0
73F,FARNAIR HUNGARY KFT.,2,2,0,0.0
73F,MNG AIRLINES,4,4,0,0.0
73F,ROYAL AIR MAROC,160,160,0,0.0
73F,SAFAIR (PTY) LTD,6,6,0,0.0
73F,TITAN AIRWAYS LTD,2,2,0,0.0
73F,TNT AIRWAYS,1827,1827,0,0.0
73F,WEST AIR SWEDEN AB,812,812,0,0.0
73F,WEST ATLANTIC UK LTD,1148,1148,3,0.10365853658536585
73F,XL AIRWAYS FRANCE,2,2,134,85.0
73M,AIGLE AZUR,139,139,152,109.72661870503597
73M,AIR ALGERIE,268,268,118,38.264925373134325
73M,AIR AUSTRAL,2,2,0,0.0
73M,AIR BERLIN INC,52,52,186,131.44230769230768
73M,AIR CONTRACTORS LTD,7,7,0,0.0
73M,AIR CORSICA,108,108,150,84.41666666666667
73M,AIR FRANCE,24,24,147,123.625
73M,AIR MEDITERRANEE,14,14,191,125.78571428571429
73M,ASL AIRLINES BELGIUM,741,741,3,0.06882591093117409
73M,ASL AIRLINES FRANCE,6509,6509,195,34.0351820556153
73M,ASL AIRLINES LIMITED,6,6,0,0.0
73M,ASL AIRLINES SWITZER,1,1,0,0.0
73M,ATLANTIC AIRLINES LT,16,16,0,0.0
73M,BRUSSELS AIRLINES,1497,1497,120,86.6432865731463
73M,EUROPE AIRPOST,14077,14077,150,27.725438658805142
73M,FARNAIR SWITZERLAND,2,2,0,0.0
73M,HERMES AIRLINES,2,2,0,0.0
73M,JETAIRFLY,1,1,0,0.0
73M,MISTRAL AIR SRL,1,1,0,0.0
73M,SCANDINAVIAN,8,8,127,98.875
73M,SIAVIA D.O.O,2,2,150,75.0
73M,TAG AVIATION SA,1,1,0,0.0
73M,TNT AIRWAYS,1098,1098,0,0.0
73M,TRANSAVIA.COM,6,6,118,38.0
73M,TUNIS AIR,16,16,147,75.1875
73M,UPS UNITED PARCEL SE,1,1,0,0.0
73M,VOLOTEA,2,2,1,0.5
73M,WOW AIR,4,4,134,57.75
73M,XL AIRWAYS FRANCE,242,242,147,115.10330578512396
747,AIR ATLANTA ICELAND,2,2,259,159.5
747,AIR AUSTRAL,22,22,479,311.04545454545456
747,AIR CARAIBES S.A.,79,79,472,198.30379746835442
747,AIR CHINA,6,6,150,25.0
747,AIR CORSICA,2,2,393,333.5
747,AIR FRANCE,11962,11962,532,374.85412138438386
747,AIR INDIA,10,10,65,36.6
747,AIR TAHITI NUI,4,4,451,213.0
747,AMBASSADE ARABIE SAO,4,4,0,0.0
747,AMBASSADE BRESIL,2,2,0,0.0
747,AMBASSADE BRUNEI,2,2,60,30.0
747,AMBASSADE CHINE,2,2,0,0.0
747,AMBASSADE COREE SUD,4,4,180,90.0
747,AMBASSADE ETATS-UNIS,8,8,41,10.25
747,AMBASSADE JAPON,21,21,93,15.523809523809524
747,AMBASSADE MAROC,4,4,50,12.5
747,AMBASSADE OMAN,14,14,4,0.2857142857142857
747,AMBASSADE TURQUIE,2,2,82,41.0
747,ARKEFLY,2,2,0,0.0
747,BAHRAIN AMIRI FLIGHT,74,74,48,2.8378378378378377
747,BRITISH AIRWAYS,4,4,256,220.5
747,CARGOLUX AIRLINES IN,2,2,0,0.0
747,CATHAY PACIFIC AIRWA,899,899,381,225.77085650723026
747,CONDOR FLUGDIENST GM,1,1,0,0.0
747,CORSAIR INTL,10145,10145,598,440.4439625431247
747,DELTA AIR LINES,448,448,612,318.10267857142856
747,EL AL,1150,1150,462,317.3782608695652
747,FORCE AERIENNE MAROC,56,56,90,5.482142857142857
747,FRENCH BEE,4,4,364,170.5
747,JAPAN AIRLINES,4,4,0,0.0
747,KALITTA AIR INC.,2,2,0,0.0
747,KOREAN AIR LINES CO,914,914,372,277.8533916849015
747,LUFTHANSA,2,2,434,217.0
747,MONARCH AIRLINES LTD,2,2,0,0.0
747,NORWEGIAN.NO,40,40,409,205.225
747,PULLMANTUR AIR S.A.,116,116,529,302.1551724137931
747,QATAR AMIRI FLIGHT,44,44,46,15.727272727272727
747,QATAR EXECUTIVE,16,16,21,11.1875
747,ROSSIYA,4,4,363,264.25
747,ROYAL AIR MAROC,604,604,541,287.1225165562914
747,SAUDIA,12,12,29,2.4166666666666665
747,SURINAM AIRWAYS,1,1,0,0.0
747,THAI AIRWAYS INTL,10,10,374,336.3
747,TRANSAERO AIRLINES,20,20,509,252.75
747,TRANSAVIA.COM,14,14,574,349.7857142857143
747,UNIVERSAL AIRWAYS IN,4,4,0,0.0
747,US AIRFORCE,2,2,0,0.0
747,WAMOS AIR,79,79,527,233.9493670886076
747,WORLDWIDE AIRCRAFT H,2,2,18,9.0
747,XL AIRWAYS FRANCE,31,31,507,197.58064516129033
747,YEMENIA,6,6,15,2.5
74F,AIR CHINA CARGO,10,10,0,0.0
74F,AIR FRANCE,2868,2868,8,0.5146443514644351
74F,AIRBRIDGE CARGO AIRL,2262,2262,1,0.0008841732979664014
74F,ASL AIRLINES BELGIUM,8,8,0,0.0
74F,ATLAS AIR INC,4,4,0,0.0
74F,BRITISH AIRWAYS,6,6,0,0.0
74F,CAL CARGO AIR LINES,4,4,0,0.0
74F,CARGOLUX AIRLINES IN,6,6,0,0.0
74F,CATHAY PACIFIC AIRWA,1476,1476,1,0.0006775067750677507
74F,CENTURION AIR CARGO,1,1,0,0.0
74F,CHINA CARGO AIRLINES,8,8,0,0.0
74F,DUBAI AIR WING,26,26,0,0.0
74F,EL AL,2,2,0,0.0
74F,KOREAN AIR LINES CO,205,205,0,0.0
74F,QATAR AIRWAYS,16,16,0,0.0
74F,SAUDIA,106,106,0,0.0
74F,SILK WAY WEST AIRLIN,4,4,0,0.0
74F,SINGAPORE AIRLINES,70,70,405,350.9428571428571
74F,SINGAPORE CARGO,2,2,0,0.0
74F,SKY LEASE INC,1,1,0,0.0
74M,LUFTHANSA,4,4,245,121.5
74M,TRANSAERO AIRLINES,2,2,0,0.0
757,AEGEAN  AIRLINES,36,36,226,165.61111111111111
757,AER LINGUS,4,4,199,135.75
757,AIGLE AZUR,35,35,202,122.51428571428572
757,AIR ASTANA,1046,1046,168,81.62237093690248
757,AIR BALTIC,34,34,216,181.6764705882353
757,AIR EUROPA,4,4,209,167.5
757,AIR FRANCE,40,40,212,118.75
757,AIR MEDITERRANEE,87,87,220,126.37931034482759
757,AMBASSADE ARGENTINE,2,2,30,15.0
757,AMBASSADE CAMEROUN,1,1,0,0.0
757,AMBASSADE CONGO,2,2,0,0.0
757,AMBASSADE ETATS-UNIS,16,16,0,0.0
757,AMBASSADE MEXIQUE,8,8,0,0.0
757,AMERICAN AIRLINES,4990,4990,270,137.7192384769539
757,ARKIA ISRAELI AIRLIN,1499,1499,280,209.25883922615077
757,AZAL AZERBAIJAN AIRL,14,14,165,104.5
757,BERKUT STATE AIR CIE,6,6,36,12.0
757,BLUE PANORAMA ARLNS,4,4,219,107.75
757,BRITISH AIRWAYS,58,58,194,110.82758620689656
757,CONDOR FLUGDIENST GM,6,6,196,65.0
757,CORSAIR INTL,2,2,193,96.5
757,DELTA AIR LINES,5370,5370,340,136.40782122905028
757,EL AL,144,144,216,148.64583333333334
757,ENTER AIR,3,3,169,110.66666666666667
757,EQUATORIAL CONGO,1115,1115,150,59.738116591928254
757,ETHIOPIAN AIRLINES,120,120,185,76.05
757,EUROPE AIRPOST,1,1,0,0.0
757,EUROPEAN AIR TRANSPO,1666,1666,0,0.0
757,FEDEX,1776,1776,0,0.0
757,FINNAIR,14,14,226,188.85714285714286
757,GAIN JET AVIATION S.,12,12,60,8.333333333333334
757,GERMANWINGS GMBH,2,2,98,97.5
757,HERMES AIRLINES,2,2,212,106.0
757,HOP!,2,2,0,0.0
757,ICELANDAIR,7988,7988,226,150.92588883324987
757,ISRAIR AIRLINES,3,3,1,0.3333333333333333
757,JET2.COM LIMITED,74,74,235,104.05405405405405
757,JET4YOU,4,4,134,59.75
757,JETAIRFLY,5,5,186,146.6
757,JETMAGIK LTD,8,8,30,7.5
757,LA COMPAGNIE,3715,3715,260,54.76043068640646
757,MALETH-AERO AOC LTD,2,2,127,63.5
757,MILITARY AIRLIFT COM,2,2,0,0.0
757,MONARCH AIRLINES LTD,10,10,200,93.5
757,NORWEGIAN.NO,24,24,188,140.66666666666666
757,NOVAIR,1,1,0,0.0
757,OPENSKIES,8750,8750,178,84.45657142857142
757,PRIMERA AIR,4,4,149,72.75
757,PRIMERA AIR NORDIC,2,2,82,41.0
757,PRIVATAIR,43,43,28,0.6511627906976745
757,PRIVILEGE STYLE,21,21,228,130.42857142857142
757,ROYAL AIR MAROC,64,64,216,136.734375
757,ROYAL NEW ZEALAND,6,6,87,14.5
757,TACV,1028,1028,273,124.18968871595331
757,TAG AVIATION (UK),2,2,0,0.0
757,TAP PORTUGAL,2,2,208,206.0
757,THOMAS COOK AIRLINES,32,32,235,111.03125
757,THOMSONFLY,8,8,213,102.0
757,TITAN AIRWAYS LTD,87,87,228,70.27586206896552
757,TNT AIRWAYS,972,972,0,0.0
757,TRANSAVIA.COM,110,110,192,99.3
757,TURKMENISTAN RLINES,6,6,151,103.66666666666667
757,UKRAINE INTL AIRLINE,6,6,104,83.33333333333333
757,UNITED AIRLINES INC,4844,4844,280,147.04314616019818
757,UTAIR AVIATION JOINT,2,2,102,51.0
757,UZBEKISTAN AIRWAYS,450,450,190,113.43777777777778
757,VUELING AIRLINES SA,52,52,214,144.48076923076923
757,WHITE S.A,6,6,180,112.33333333333333
757,WOW AIR,8,8,150,123.75
75F,ALITALIA,2,2,0,0.0
75F,ASL AIRLINES BELGIUM,708,708,0,0.0
75F,EUROPEAN AIR TRANSPO,6820,6820,0,0.0
75F,FEDEX,26089,26089,0,0.0
75F,TNT AIRWAYS,1396,1396,0,0.0
767,ABX AIR INC.,46,46,0,0.0
767,AEROFLOT,126,126,219,163.70634920634922
767,AEROMEXICO,1340,1340,196,159.46119402985076
767,AERONEXUS CORPORATE,20,20,96,33.7
767,AIGLE AZUR,44,44,300,151.72727272727272
767,AIR ALGERIE,38,38,303,168.3684210526316
767,AIR ASTANA,14,14,208,99.5
767,AIR AUSTRAL,5,5,150,59.0
767,AIR CANADA,1310,1310,216,172.76946564885498
767,AIR CARAIBES S.A.,34,34,310,189.64705882352942
767,AIR FRANCE,52,52,239,122.11538461538461
767,AIR MADAGASCAR,70,70,254,141.87142857142857
767,AIR MEDITERRANEE,45,45,227,107.13333333333334
767,AIR SEYCHELLES,12,12,236,103.25
767,AIR ZIMBABWE,2,2,55,27.5
767,ALITALIA,6,6,228,121.16666666666667
767,AMBASSADE BRESIL,2,2,0,0.0
767,AMBASSADE CAMEROUN,3,3,24,8.0
767,AMBASSADE CHILI,8,8,61,30.25
767,AMERICAN AIRLINES,13182,13182,253,177.42482172659686
767,ARCUS-AIR LOGISTIC,2,2,0,0.0
767,ARKEFLY,6,6,290,103.16666666666667
767,ARKIA ISRAELI AIRLIN,30,30,272,211.73333333333332
767,ATLAS AIR INC,6,6,193,63.333333333333336
767,AUSTRIAN AIRLINES,10,10,216,191.4
767,AZAL AZERBAIJAN AIRL,16,16,175,75.25
767,BAHRAIN AMIRI FLIGHT,66,66,62,2.0757575757575757
767,BLUE PANORAMA ARLNS,17,17,351,102.29411764705883
767,BRITISH AIRWAYS,272,272,254,166.15808823529412
767,CAMAIR-CO,1474,1474,217,103.36974219810041
767,COMLUX AVIATION AG,1,1,0,0.0
767,CONDOR AVIATION,2,2,243,243.0
767,CONDOR FLUGDIENST GM,2,2,1,0.5
767,CORSAIR INTL,94,94,300,122.97872340425532
767,CUBANA,165,165,351,180.72727272727272
767,DELTA AIR LINES,26719,26719,495,187.06987536958718
767,DHL AIR LTD,12,12,0,0.0
767,EL AL,3920,3920,248,189.19413265306122
767,EQUATORIAL CONGO,524,524,198,81.1145038167939
767,ETHIOPIAN AIRLINES,2294,2294,241,82.61595466434176
767,EURO ATLANTIC AIRWAY,39,39,243,63.64102564102564
767,EUROPE AIRPOST,6,6,241,69.66666666666667
767,EUROWINGS AG,2,2,282,279.5
767,FUERZA AEREA,2,2,43,43.0
767,HERMES AIRLINES,15,15,225,122.33333333333333
767,ICELANDAIR,326,326,267,229.00613496932516
767,JETAIRFLY,13,13,253,92.61538461538461
767,JETSTREAM AVIATION,2,2,9,4.5
767,KALAIR,2,2,16,8.0
767,KENYA AIRWAYS,1126,1126,400,155.02841918294848
767,LA COMPAGNIE,2,2,99,49.5
767,MERIDIANA SPA,6,6,256,110.66666666666667
767,NEOS SPA,20,20,282,115.8
767,NORWEGIAN.NO,17,17,300,203.8235294117647
767,OPENSKIES,623,623,351,136.42536115569823
767,PRIMERA AIR,162,162,291,215.1604938271605
767,PRIVATAIR,2,2,0,0.0
767,PRIVILEGE STYLE,3,3,13,4.333333333333333
767,ROSSIYA,46,46,301,162.08695652173913
767,ROYAL AIR MAROC,3372,3372,286,177.10498220640568
767,SAM,1,1,0,0.0
767,SATA INTERNACIONAL,2,2,215,107.5
767,SAUDI ARAMCO AVIATIO,2,2,0,0.0
767,SKYGREECE AIRLINES,1,1,0,0.0
767,SMALL PLANET AIRLINE,9,9,179,106.22222222222223
767,SUNWING AIRLINES,56,56,303,240.19642857142858
767,TACV,74,74,351,129.0
767,TAP PORTUGAL,12,12,279,173.25
767,TITAN AIRWAYS LTD,20,20,266,109.45
767,TMA,72,72,0,0.0
767,TRANSAERO AIRLINES,238,238,264,173.31932773109244
767,TRANSAVIA.COM,78,78,228,88.26923076923077
767,UKRAINE INTL AIRLINE,68,68,289,229.73529411764707
767,UNITED AIRLINES INC,11650,11650,375,174.20841201716738
767,UNIVERSAL AIRWAYS IN,8,8,23,4.5
767,UNIVERSAL AVIATION U,4,4,62,28.0
767,UPS UNITED PARCEL SE,56,56,0,0.0
767,US AIRWAYS,378,378,250,173.34126984126985
767,UZBEKISTAN AIRWAYS,692,692,264,161.63294797687863
767,VUELING AIRLINES SA,4,4,178,160.0
767,WOW AIR,2,2,284,142.0
767,XL AIRWAYS FRANCE,26,26,281,119.61538461538461
76F,ABX AIR INC.,340,340,0,0.0
76F,ALITALIA,12,12,0,0.0
76F,AMERICAN AIRLINES,6,6,213,199.0
76F,DHL AIR LTD,10,10,0,0.0
76F,DHL AVIATION,4,4,0,0.0
76F,EUROPEAN AIR TRANSPO,6,6,0,0.0
76F,FORCE AERIENNE ITALI,4,4,0,0.0
76F,LUFTHANSA,4,4,0,0.0
76F,LUFTHANSA CARGO AG,2,2,0,0.0
76F,STAR AIR AS,7019,7019,0,0.0
76F,UPS UNITED PARCEL SE,7103,7103,0,0.0
76F,UZBEKISTAN AIRWAYS,16,16,203,119.0
777,AEROFLOT,40,40,329,164.925
777,AEROMEXICO,12,12,242,92.83333333333333
777,AFRIJET AVIATION BUS,8,8,7,0.875
777,AIGLE AZUR,4,4,273,131.5
777,AIR AUSTRAL,7132,7132,475,379.71284352215366
777,AIR CANADA,8219,8219,469,356.03905584621
777,AIR CARAIBES S.A.,31,31,364,180.25806451612902
777,AIR CHINA,4906,4906,310,251.2843456991439
777,AIR FRANCE,229069,229069,836,294.4764284997097
777,AIR INDIA,1293,1293,450,167.46249033255995
777,AIR MADAGASCAR,93,93,442,193.9247311827957
777,AIR MEDITERRANEE,2,2,219,194.0
777,AIRASIA X,2,2,285,253.0
777,ALITALIA,14,14,298,83.78571428571429
777,ALL NIPPON AIRWAYS,3234,3234,273,198.3543599257885
777,AMBASSADE CAMEROUN,6,6,40,6.666666666666667
777,AMBASSADE GABON,35,35,5,0.14285714285714285
777,AMBASSADE GUINEE EQU,4,4,20,5.0
777,AMERICAN AIRLINES,4760,4760,310,220.45147058823528
777,ASIANA AIRLINES,3314,3314,302,247.1185878092939
777,ASTRA AIRLINES,2,2,0,0.0
777,AURORA AVIATION SA,2,2,0,0.0
777,AUSTRIAN AIRLINES,32,32,312,245.625
777,AVIATION LINK,3,3,0,0.0
777,BRITISH AIRWAYS,16,16,296,174.3125
777,CATHAY PACIFIC AIRWA,5160,5160,343,253.96472868217054
777,CEIBA INTERCONTINENT,2,2,0,0.0
777,CHINA EASTERN,2390,2390,318,256.12803347280334
777,CHINA SOUTHERN AIR,192,192,550,124.59895833333333
777,CORSAIR INTL,5,5,317,126.2
777,DELTA AIR LINES,2488,2488,349,265.70739549839226
777,EGYPTAIR,486,486,348,238.14814814814815
777,EL AL,2139,2139,297,239.9378214118747
777,EMIRATES,1945,1945,428,299.1141388174807
777,ETHIOPIAN AIRLINES,1228,1228,396,166.0097719869707
777,ETIHAD AIRWAYS,3106,3106,349,267.4632968448165
777,EURO ATLANTIC AIRWAY,8,8,0,0.0
777,EVA AIRWAYS,3442,3442,353,266.61417780360256
777,EXECUTIVE JET,13,13,0,0.0
777,FEDEX,1418,1418,0,0.0
777,JAPAN AIRLINES,6761,6761,439,218.77695607158705
777,JAT AIRWAYS INDIA LT,888,888,352,276.6993243243243
777,JETEX FLT SUPPORT,2,2,0,0.0
777,KENYA AIRWAYS,16,16,315,193.4375
777,KLM,2,2,392,196.0
777,KOREAN AIR LINES CO,1136,1136,359,230.1593309859155
777,KUWAIT AIRWAYS,24,24,310,241.45833333333334
777,LATAM AIRLINES GROUP,15,15,370,313.1333333333333
777,MALAYSIA AIRLINES,1174,1174,282,227.08262350936968
777,NORWEGIAN.NO,337,337,440,267.1364985163205
777,ORENBURG AIRLINES,6,6,0,0.0
777,PIA,2156,2156,440,147.53803339517626
777,PJSC AEROFLOT,18,18,382,231.27777777777777
777,PRESIDENTIAL FLIGHT,8,8,30,4.5
777,PRIMERA AIR,6,6,303,82.5
777,QATAR AIRWAYS,3528,3528,414,254.99263038548753
777,ROYAL AIR MAROC,12,12,319,251.83333333333334
777,SAUDIA,4914,4914,550,194.21855921855922
777,SINGAPORE AIRLINES,594,594,276,209.1228956228956
777,SWISS INTL AIR LINES,12,12,217,187.0
777,TAAG ANGOLA AIRLINES,2,2,0,0.0
777,TAM LINHAS AEREAS S.,24,24,374,314.8333333333333
777,TAM LINHAS AEREAS SA,2941,2941,381,324.78034682080926
777,THAI AIRWAYS INTL,1382,1382,550,262.95151953690305
777,TRANSAERO AIRLINES,170,170,354,216.4
777,TUNIS AIR,2,2,311,155.5
777,TURK HAVA YOLLARI,872,872,400,267.13646788990826
777,TURKMENISTAN RLINES,36,36,257,151.38888888888889
777,UNITED AIRLINES INC,4322,4322,291,228.08074965293847
777,VIETNAM AIRLINES,3862,3862,406,263.63490419471776
777,WHITE S.A,4,4,115,52.75
777,XL AIRWAYS FRANCE,124,124,380,309.25
77F,AIR FRANCE,6956,6956,6,0.5596607245543416
77F,CHINA CARGO AIRLINES,284,284,0,0.0
77F,CHINA SOUTHERN AIR,78,78,0,0.0
77F,EMIRATES,312,312,4,0.11858974358974358
77F,ETIHAD AIRWAYS,182,182,0,0.0
77F,FEDEX,21077,21077,10,0.0004744508231721782
77F,KOREAN AIR LINES CO,1004,1004,0,0.0
77F,QATAR AIRWAYS,500,500,0,0.0
77F,SAUDIA,12,12,0,0.0
77F,TURK HAVA YOLLARI,2,2,0,0.0
787,AEROMEXICO,3842,3842,338,218.32222800624675
787,AIR AUSTRAL,806,806,321,233.61290322580646
787,AIR CANADA,1370,1370,298,224.3948905109489
787,AIR CHINA,138,138,284,239.67391304347825
787,AIR EUROPA,16,16,299,223.0625
787,AIR FRANCE,5561,5561,281,244.01510519690703
787,AIR INDIA,4082,4082,281,205.69132778049976
787,ALL NIPPON AIRWAYS,3010,3010,216,168.52093023255813
787,AMBASSADE MEXIQUE,4,4,101,85.5
787,AMERICAN AIRLINES,1727,1727,293,215.06369426751593
787,AZAL AZERBAIJAN AIRL,2,2,68,65.5
787,EL AL,234,234,286,232.26923076923077
787,ETHIOPIAN AIRLINES,3332,3332,319,102.3265306122449
787,GULF AIR COMPANY,4,4,275,189.75
787,HAINAN AIRLINES,16,16,292,161.625
787,JAPAN AIRLINES,2410,2410,195,140.32406639004148
787,KENYA AIRWAYS,2908,2908,296,192.2077028885832
787,LOT,6,6,177,168.33333333333334
787,NORWEGIAN AIR UK LTD,1,1,238,238.0
787,NORWEGIAN.NO,3599,3599,378,273.6599055293137
787,OMAN AIR,1608,1608,289,205.625
787,PRESIDENTIAL FLIGHT,6,6,43,14.333333333333334
787,QATAR AIRWAYS,10,10,255,166.3
787,ROYAL AIR MAROC,1312,1312,345,199.79573170731706
787,ROYAL JORDANIAN,94,94,269,190.35106382978722
787,SAUDIA,677,677,310,214.1861152141802
787,UNITED AIRLINES INC,2162,2162,254,192.1563367252544
787,UZBEKISTAN AIRWAYS,6,6,242,170.33333333333334
787,VIETNAM AIRLINES,14,14,303,144.07142857142858
787,XIAMEN AIRLINES,18,18,338,229.05555555555554
787,XL AIRWAYS FRANCE,32,32,270,236.71875
A4F,ANTONOV DESIGN BUREA,4,4,0,0.0
A58,ANTONOV DESIGN BUREA,4,4,39,19.5
A81,SPECIAL FLIGHT DET,2,2,0,0.0
A81,UKRAINE,2,2,0,0.0
AB3,ACT AIRLINES Inc.,2,2,0,0.0
AB3,DHL AVIATION,4,4,0,0.0
AB3,EUROPEAN AIR TRANSPO,40,40,0,0.0
AB3,IRAN AIR,1014,1014,260,164.71005917159763
AB3,KUWAIT AIRWAYS,833,833,232,122.61224489795919
AB3,MAXIMUS AIR CARGO,2,2,0,0.0
AB3,MNG AIRLINES,88,88,0,0.0
AB3,NOUVEL AIR TUNISIE,2,2,211,158.0
AB3,TMA,26,26,0,0.0
AB3,TRANSAVIA.COM,8,8,337,228.125
AB3,TUNIS AIR,614,614,272,185.8355048859935
ABF,AIRBUS TRANSPORT INT,1,1,0,0.0
ABF,DHL AVIATION,2,2,0,0.0
ABF,EGYPTAIR,6,6,0,0.0
ABF,EUROPEAN AIR TRANSPO,3812,3812,0,0.0
ABF,FEDEX,12972,12972,0,0.0
ABF,MNG AIRLINES,2826,2826,0,0.0
ABF,TMA,182,182,5,0.027472527472527472
ABF,TURK HAVA YOLLARI,20,20,0,0.0
AGH,CASTLE AIR LTD,2,2,1,1.0
AGH,JETALLIANCE EAST JS,4,4,6,2.0
AGH,ROYAL AIR FORCE,6,6,2,0.3333333333333333
AGH,SWIFT COPTERS S.A.,2,2,2,1.0
AN7,SVERDLOVSK 2ND AIR,2,2,10,9.0
APF,FEDEX,248,248,0,0.0
APF,WEST AIR LUXEMBOURG,4,4,0,0.0
APH,COTAM,8,8,8,2.0
ARJ,AIR FRANCE,81474,81474,107,72.78358740211601
ARJ,AVANTI_AIR GMBH & CO,4,4,91,41.75
ARJ,BAHRAIN AMIRI FLIGHT,2,2,0,0.0
ARJ,BMI REGIONAL,12,12,44,25.416666666666668
ARJ,BRA SVERIGE AB,24,24,110,51.625
ARJ,BRAATHENS REGIONAL,36,36,92,60.111111111111114
ARJ,BRAATHENS REGIONAL A,52,52,95,70.3076923076923
ARJ,BRUSSELS AIRLINES,102,102,96,35.98039215686274
ARJ,BULGARIA AIR  EAD,2,2,0,0.0
ARJ,C.A.I. Second S.p.A.,2,2,36,30.5
ARJ,CELLO AVIATION LTD,10,10,97,27.2
ARJ,CHALAIR AVIATION,2,2,0,0.0
ARJ,CITYJET,5034,5034,96,46.875645609853
ARJ,DENIM AIR,6,6,50,8.333333333333334
ARJ,FLYBE,2,2,60,46.5
ARJ,FORCE AERIENNE MAROC,4,4,0,0.0
ARJ,HOP!,38,38,77,11.18421052631579
ARJ,JET2.COM LIMITED,2,2,53,53.0
ARJ,JOTA AVIATION LTD,2,2,77,76.5
ARJ,LUFTHANSA,2,2,61,51.5
ARJ,MALMO AVIATION,122,122,108,61.66393442622951
ARJ,SCANDINAVIAN,3,3,88,88.0
ARJ,SWISS INTL AIR LINES,4406,4406,98,75.25964593735814
ARJ,TRANSAVIA.COM,2,2,59,29.5
ATF,AIR CONTRACTORS LTD,82,82,0,0.0
ATF,ASL AIRLINES LIMITED,64,64,0,0.0
ATF,ASL AIRLINES SWITZER,7,7,0,0.0
ATF,EUROPE AIRPOST,473,473,0,0.0
ATF,FEDEX,19894,19894,0,0.0
ATF,SPRINTAIR S.A.,1,1,0,0.0
ATP,ATLANTIC AIRLINES LT,2,2,0,0.0
ATP,FEDEX,27,27,0,0.0
ATP,WEST AIR LUXEMBOURG,2,2,0,0.0
ATP,WEST AIR SWEDEN AB,78,78,0,0.0
ATR,AERO4M,6,6,64,27.0
ATR,AIR ALSIE,22,22,70,29.181818181818183
ATR,AIR DOLOMITI SRL,4,4,31,15.0
ATR,AIR FRANCE,57529,57529,78,47.108884214917694
ATR,AIRLINAIR,9579,9579,64,22.353690364338657
ATR,AMERICAN EAGLE AIRLI,1,1,0,0.0
ATR,ASL AIRLINES FRANCE,1,1,0,0.0
ATR,ASL AIRLINES HUNGARY,6,6,45,13.666666666666666
ATR,ASL AIRLINES LIMITED,25,25,0,0.0
ATR,ASL AIRLINES SWITZER,8,8,36,8.625
ATR,ATLANTIQUE AIR ASSIS,2,2,44,33.0
ATR,AVANTI_AIR GMBH & CO,4,4,97,42.75
ATR,AVIAVILSA,1,1,0,0.0
ATR,BLUE AIR AIRLINE MAN,2,2,43,37.0
ATR,BLUE ISLANDS,780,780,48,20.142307692307693
ATR,BMI REGIONAL,54,54,46,30.59259259259259
ATR,BRA SVERIGE AB,2,2,54,27.0
ATR,BRITAIR,6,6,0,0.0
ATR,CHALAIR AVIATION,460,460,40,11.95
ATR,CITYJET,386,386,70,31.518134715025905
ATR,CZECH AIRLINES,26,26,64,51.92307692307692
ATR,DANISH AIR TRANSPORT,8,8,66,34.75
ATR,DARWIN AIRLINE,514,514,66,35.447470817120625
ATR,DOT,2,2,65,32.5
ATR,EASTERN AIRWAYS (UK),30,30,47,34.53333333333333
ATR,ENAC,2,2,0,0.0
ATR,ENAC-DFPV CENTRE ST,8,8,0,0.0
ATR,EUROPE AIRPOST,20,20,0,0.0
ATR,FARNAIR SWITZERLAND,17,17,35,5.647058823529412
ATR,FEDEX,5088,5088,0,0.0
ATR,FLYBE,2,2,48,44.0
ATR,HELITT LINEAS AEREAS,20,20,66,54.9
ATR,HOP!,43006,43006,73,29.99913965493187
ATR,INTERSKY LUFTFAHRT,4,4,66,24.0
ATR,MERIDIANA SPA,2,2,181,111.0
ATR,NEXT JET,1,1,0,0.0
ATR,NK AVIATION LIMITED,4,4,60,15.0
ATR,SCANDINAVIAN,4,4,80,63.25
ATR,SPRINTAIR S.A.,20,20,70,30.85
ATR,SUN AIR OF SCANDINAV,2,2,32,31.5
ATR,SWIFTAIR SA,4,4,61,15.25
ATR,TRAVEL SERVICE,2,2,64,47.5
ATR,TUNISAIR EXPRESS,4,4,50,18.5
ATR,VIP WINGS s.r.o.,31,31,64,24.35483870967742
ATZ,AIR CONTRACTORS LTD,41,41,0,0.0
ATZ,ASL AIRLINES LIMITED,38,38,0,0.0
ATZ,FEDEX,12040,12040,0,0.0
AWA,AMBASSADE ETATS-UNIS,2,2,0,0.0
AWA,DCAE S/C BUREAU OPER,9,9,0,0.0
AWA,FORCE AERIENNE FRANC,10,10,0,0.0
BE1,AIR CAIRO,1,1,0,0.0
BE1,AIR SERBIA,2,2,8,4.0
BE1,AIRLINAIR,1584,1584,19,7.587752525252525
BE1,ASL AIRLINES FRANCE,1605,1605,0,0.0
BE1,CHALAIR AVIATION,1364,1364,19,9.563782991202347
BE1,EUROPE AIRPOST,254,254,0,0.0
BE1,HEX AIR,4310,4310,19,8.364965197215778
BE1,HOP!,1962,1962,84,10.167686034658512
BE1,POLICE AUX FRONTIERS,22,22,13,0.7727272727272727
BE1,SWISS AIR FORCE,2,2,0,0.0
BE1,TWIN JET,13979,13979,26,8.342227627155019
BE9,AIR PRAGUE,4,4,4,1.0
BE9,JOTA AVIATION LTD,8,8,0,0.0
BE9,WALTAIR EUROPE AB,2,2,4,2.0
BEC,AERO VISION,2,2,2,1.0
BEC,AERODIENST,10,10,3,0.7
BEC,AIR FRANCE,18,18,4,1.1111111111111112
BEC,AIR NET GIE,96,96,8,0.375
BEC,AIR TAXI & CHARTER,8,8,8,1.0
BEC,AIR VENDEE INVESTISS,2,2,5,2.5
BEC,AIRWING A/S,12,12,6,0.75
BEC,AMBASSADE ETATS-UNIS,4,4,0,0.0
BEC,ASL AIR SERVICE LIEG,8,8,5,0.625
BEC,AUGUSTA AIR,2,2,0,0.0
BEC,BERI 210 SARL,2,2,0,0.0
BEC,CAPITAL AVIATION,2,2,0,0.0
BEC,CHALAIR AVIATION,2,2,2,1.0
BEC,DRAGON FLY,2,2,0,0.0
BEC,ENAC,17,17,0,0.0
BEC,ENAC-DFPV CENTRE SAI,3,3,0,0.0
BEC,ENAC-DFPV CENTRE ST,15,15,0,0.0
BEC,G.OPS_SARL,14,14,4,0.5714285714285714
BEC,HANGAR 8 AOC MALTA L,2,2,7,3.5
BEC,INTERJET S.R.L,2,2,0,0.0
BEC,JET AVIATION BUSINES,2,2,0,0.0
BEC,JET EXECUTIVE INTL,2,2,2,2.0
BEC,MINISTERE INTERIEUR,10,10,5,0.8
BEC,OPEN FLIGHT,2,2,0,0.0
BEC,PENTASTAR AVIATION,6,6,2,0.3333333333333333
BEC,SKYBRIDGE AIROPS Srl,4,4,6,4.0
BEC,SKYTAXI LUFTFAHRT,2,2,4,2.0
BEC,WALTAIR EUROPE AB,6,6,8,1.3333333333333333
BEC,WIDEX A/S,1,1,0,0.0
BG5,AIR FRANCE,14,14,10,2.4285714285714284
BG5,ALBINATI AVIATION LT,10,10,3,0.6
BG5,AVCON JET AG,4,4,0,0.0
BG5,CHARTRIGHT AIR INC,2,2,0,0.0
BG5,GLOBAL JET AUSTRIA,6,6,0,0.0
BG5,MORNINGSTAR PARTNERS,2,2,2,1.0
BG5,QATAR EXECUTIVE,2,2,0,0.0
BG5,ROCKWELL COLLINS FR,2,2,2,1.0
BG5,UNIVERSAL AIRWAYS IN,2,2,0,0.0
BG5,WAYLAWN LIMITED,2,2,3,1.5
BG5,ZETTA JET,2,2,4,2.0
BG6,AIRBY SNC,2,2,0,0.0
BG6,NTA,2,2,0,0.0
BNI,ARMY AIR CORPS,2,2,0,0.0
C17,AMBASSADE DE L'ETAT,4,4,0,0.0
C17,AMBASSADE ETATS-UNIS,56,56,0,0.0
C17,FORCE AERIENNE EMIRA,2,2,0,0.0
C17,FORCE AERIENNE MAROC,2,2,0,0.0
C17,HEAVY AIRLIFT WING,2,2,0,0.0
C17,MILITARY AIRLIFT COM,8,8,0,0.0
C17,QATAR AMIRI FLIGHT,2,2,0,0.0
C17,SIGNATURE FLIGHT SUP,2,2,0,0.0
CCJ,(UK) WORLD FUEL SERV,2,2,6,3.0
CCJ,ACTIFLY SNC,2,2,7,3.5
CCJ,ADVANCED AIR SUPPORT,4,4,7,1.75
CCJ,AIR FRANCE,70,70,11,1.6857142857142857
CCJ,AIR LITUANICA,4,4,16,13.25
CCJ,AIRLAZUR,2,2,2,1.0
CCJ,AMBASSADE CROATIE,6,6,0,0.0
CCJ,AVB 2012 LTD,2,2,0,0.0
CCJ,AVCON JET AG,2,2,0,0.0
CCJ,AVCON JET MALTA LTD,2,2,0,0.0
CCJ,BASEOPS INTL,2,2,3,3.0
CCJ,BERKUT STATE AIR CIE,2,2,0,0.0
CCJ,BONAIR,2,2,0,0.0
CCJ,CHALLENGE AIR,6,6,8,3.0
CCJ,CITY AIRLINE AB,2,2,0,0.0
CCJ,DANISH AIR FORCE,2,2,0,0.0
CCJ,DUTY FREE AVAITION L,2,2,5,2.5
CCJ,ELIT'AVIA,8,8,8,2.25
CCJ,EXECUTIVE JET CHARTE,2,2,1,0.5
CCJ,FCT CONSULTING AG,2,2,0,0.0
CCJ,FLYING SERVICE N.V.,6,6,3,1.0
CCJ,GAINJET IRELAND,2,2,0,0.0
CCJ,GAMA AVIATION,2,2,0,0.0
CCJ,GERMAN AIR FORCE,2,2,0,0.0
CCJ,GLOBAL JET AUSTRIA,4,4,0,0.0
CCJ,GOZEN AIR SERVICES,2,2,0,0.0
CCJ,HANGAR 8 Ltd,4,4,0,0.0
CCJ,IMPERIAL JET SA,2,2,0,0.0
CCJ,INTERNATIONAL JET MA,2,2,4,2.0
CCJ,JET AIR FLUG GMBH,4,4,1,0.25
CCJ,JET AVIATION BUSINES,2,2,0,0.0
CCJ,LAUDAMOTION EXECUTIV,2,2,0,0.0
CCJ,MID EAST JET INC,4,4,0,0.0
CCJ,MIDLAND FINANCIAL CO,2,2,4,2.0
CCJ,MNG AIRLINES,2,2,6,6.0
CCJ,MNG JET HAVACILIK A.,2,2,0,0.0
CCJ,NOMAD AVIATION AG,2,2,4,2.0
CCJ,OASIS FLIGHT MALTA,2,2,1,0.5
CCJ,QATAR EXECUTIVE,2,2,1,0.5
CCJ,SAMCO AVIATION,4,4,3,1.75
CCJ,SCANDINAVIAN,26,26,89,70.11538461538461
CCJ,SETAIR,2,2,0,0.0
CCJ,SHINO AVIATION LP,2,2,0,0.0
CCJ,SIGNAL AVIATION Ltd,2,2,5,4.5
CCJ,SIGNUM AVIATION LTD,12,12,2,0.4166666666666667
CCJ,SKYSERVICE BUSINESS,2,2,3,2.0
CCJ,SWISS AIR AMBULANCES,4,4,2,0.5
CCJ,TAG AVIATION (UK),4,4,4,1.0
CCJ,TAG AVIATION SA,4,4,0,0.0
CCJ,TRANSAIR BEDARFSFLUG,2,2,3,1.5
CCJ,UNIVERSAL AIRWAYS IN,2,2,4,2.5
CCJ,VIKING AVIATION,2,2,2,1.0
CCJ,VISTAJET,34,34,5,0.7352941176470589
CCJ,VISTAJET LIMITED,26,26,7,0.9230769230769231
CCJ,WIJET JET ENTREPRENE,2,2,0,0.0
CCX,ACM AIR CHARTER,4,4,2,1.0
CCX,ADVANCED AIR MANAGEM,2,2,0,0.0
CCX,AIR FRANCE,52,52,14,1.6153846153846154
CCX,AIR KING JET,2,2,0,0.0
CCX,AL-ATHEER ESTABLISH,2,2,8,8.0
CCX,ALBINATI AVIATION LT,4,4,5,1.25
CCX,AMBASSADE BOTSWANA,2,2,0,0.0
CCX,AMBASSADE ETATS-UNIS,2,2,0,0.0
CCX,ARAB WINGS LTD,14,14,14,2.0
CCX,ARAVCO LTD,2,2,4,2.0
CCX,BEIJING CAPITAL AIRL,2,2,8,6.0
CCX,BORAJET,2,2,0,0.0
CCX,BOUYGUES SOCIETE,2,2,7,3.5
CCX,CHARTRIGHT AIR INC,2,2,2,1.0
CCX,DAIMLERCHRYSLER AVIA,6,6,3,0.8333333333333334
CCX,ELITAVIA MALTE LTD,2,2,3,1.5
CCX,EXECUJET AUSTRALIA,2,2,0,0.0
CCX,EXECUJET EUROPE AG,2,2,0,0.0
CCX,EXECUJET SCANDINAVIA,10,10,6,1.8
CCX,EXECUJET UK LTD,2,2,2,1.0
CCX,EXECUTIVE JET MANAGE,2,2,3,1.5
CCX,FAI AIRSERVICES AG,2,2,0,0.0
CCX,FMS-FLEET MANAGEMENT,2,2,4,2.0
CCX,G.OPS_SARL,2,2,1,0.5
CCX,GAMA AVIATION FZE,2,2,0,0.0
CCX,GAMA CHARTER INC,2,2,0,0.0
CCX,GERMAN AIR FORCE,16,16,13,0.8125
CCX,GLOBAL JET AUSTRIA,8,8,0,0.0
CCX,GLOBAL JET IOM LTD,2,2,0,0.0
CCX,GLOBAL JET LUXEMBOUR,6,6,3,0.5
CCX,HYPERION AVIATION LT,4,4,0,0.0
CCX,INTERNATIONAL JET MA,10,10,2,0.2
CCX,INTERNATIONAL JETCLU,2,2,4,3.0
CCX,IXAIR SAS,2,2,0,0.0
CCX,JACKSON FAMILY WINES,2,2,0,0.0
CCX,JET AVIATION FLIGHT,4,4,0,0.0
CCX,JET SERVICE SP Z.O.O,4,4,2,0.5
CCX,K5-AVIATION,2,2,4,2.0
CCX,MASTERJET AVIACAO,6,6,0,0.0
CCX,NETJETS INTERNATIONA,2,2,3,1.5
CCX,NTA,14,14,2,0.14285714285714285
CCX,PRATT AVIATION,2,2,5,2.5
CCX,QATAR EXECUTIVE,2,2,0,0.0
CCX,QUALCOMM INC,2,2,0,0.0
CCX,ROCKWELL COLLINS FLI,2,2,0,0.0
CCX,SKYSERVICE BUSINESS,2,2,0,0.0
CCX,SQUARE ONE AVIATION,2,2,2,1.5
CCX,TAG AVIATION (UK),10,10,7,1.8
CCX,TAG AVIATION USA INC,2,2,0,0.0
CCX,TYROLEAN JET SERVICE,2,2,0,0.0
CCX,VIPJET LIMITED,2,2,0,0.0
CCX,VISTAJET,2,2,3,1.5
CCX,VISTAJET LIMITED,34,34,8,0.7647058823529411
CCX,WHITEWIND CO LTD,6,6,1,0.16666666666666666
CCX,YYA AVIATION LTD,6,6,1,0.16666666666666666
CCX,ZETTA JET PTE LTD,2,2,0,0.0
CL3,AIR FRANCE,78,78,7,1.3974358974358974
CL3,AIR SARINA GMBH,2,2,0,0.0
CL3,AIRFIX AVIATION OY,2,2,5,4.5
CL3,AMIRA AIR GMBH,6,6,8,4.5
CL3,AVCON JET AG,16,16,3,0.3125
CL3,BOMBARDIER TRANSPORT,2,2,1,0.5
CL3,CTTA,2,2,0,0.0
CL3,DAIMLERCHRYSLER AVIA,2,2,0,0.0
CL3,ELIT'AVIA,2,2,0,0.0
CL3,EMPIRE AVIATION,6,6,3,1.0
CL3,EXECUJET EUROPE AG,2,2,0,0.0
CL3,FAIRJETS,2,2,1,0.5
CL3,INTERNATIONAL JET MA,2,2,3,1.5
CL3,JET SERVICE SP Z.O.O,6,6,9,6.333333333333333
CL3,LAUDAMOTION GMBH,6,6,9,2.5
CL3,LONDON EXECUTIVE AVI,10,10,1,0.1
CL3,MAP EXECUTIVE FLIGHT,2,2,1,0.5
CL3,SEVERSTAL AIRCOMPANY,2,2,6,4.0
CL3,SIRIO SPA,6,6,0,0.0
CL3,TAG AVIATION (UK),2,2,0,0.0
CL3,TOYO AVIATION,2,2,6,4.0
CL3,TRITON AVIATION,2,2,0,0.0
CL3,TUIFLY GMBH,2,2,1,1.0
CL3,VISTAJET LIMITED,62,62,6,0.6451612903225806
CL3,WINDROSE AIR,8,8,4,1.625
CL5,EFS EUROPEEN FLIGHT,2,2,0,0.0
CL5,JETFLITE,2,2,0,0.0
CL5,NTA,8,8,6,0.75
CL5,SIGNATURE FLIGHT SUP,2,2,6,3.0
CL5,VISTAJET LIMITED,8,8,0,0.0
CN7,AIR FRANCE,4,4,2,1.0
CNA,AEROWEST GMBH,2,2,0,0.0
CNA,AIR FRANCE,8,8,4,0.875
CNA,BAIRLINE FLUGGESELLS,2,2,5,2.5
CNA,BLINK LTD,4,4,0,0.0
CNA,LONDON EXECUTIVE AVI,4,4,2,1.0
CNA,MACH FLUGGESELLSCHAF,2,2,1,0.5
CNA,NOMAD AVIATION AG,2,2,3,3.0
CNA,UNIJET S.A.,2,2,0,0.0
CNJ,(UK) WORLD FUEL SERV,2,2,0,0.0
CNJ,247 JET LTD,2,2,0,0.0
CNJ,ABELAG AVIATION,6,6,0,0.0
CNJ,ACM AIR CHARTER,2,2,1,0.5
CNJ,AERO LINES GMBH,2,2,0,0.0
CNJ,AERODYNAMICS MALAGA,4,4,2,1.0
CNJ,AEROWEST FLUGCENTER,2,2,0,0.0
CNJ,AEROWEST GMBH,30,30,5,0.5
CNJ,AGROAR,10,10,3,1.0
CNJ,AIR ALLIANCE EXPRESS,6,6,1,0.3333333333333333
CNJ,AIR CARAIBES ATLANTI,2,2,0,0.0
CNJ,AIR CARAIBES S.A.,2,2,0,0.0
CNJ,AIR CHARTER SCOTLAND,8,8,4,1.0
CNJ,AIR CLASS SRL,4,4,6,1.5
CNJ,AIR EXECUTIVE,2,2,2,1.0
CNJ,AIR FRANCE,408,408,10,1.0661764705882353
CNJ,AIR HAMBURG,105,105,8,0.45714285714285713
CNJ,AIR PINK,10,10,4,0.6
CNJ,AIR SERVICE LIEGE,16,16,5,1.0
CNJ,AIR TASKING SERVICE,2,2,4,2.0
CNJ,AIR TAXI & CHARTER,2,2,0,0.0
CNJ,AIR TRAFFIC GMBH,2,2,2,1.0
CNJ,AIR VENDEE INVESTISS,6,6,5,0.8333333333333334
CNJ,AIR X CHARTER GMBH,6,6,0,0.0
CNJ,AIR X CHARTER LTD,2,2,4,2.0
CNJ,AIR X EXECUTIVE JETS,6,6,4,1.6666666666666667
CNJ,AIRCRAFT MAGMT AND C,2,2,0,0.0
CNJ,AIRJETSUL,2,2,1,0.5
CNJ,AIRLEC,2,2,3,1.5
CNJ,AIRLINK LUFTVERKEHRS,2,2,0,0.0
CNJ,ALIVEN SRL,4,4,4,2.5
CNJ,ALPINE SKY JETS LTD,2,2,0,0.0
CNJ,AMBASSADE MAROC,10,10,1,0.1
CNJ,ARENA AVIATION,2,2,0,0.0
CNJ,ARING DIRECT/COR. FR,4,4,1,0.25
CNJ,ASL AIR SERVICE LIEG,36,36,2,0.05555555555555555
CNJ,ASTONJET,6,6,0,0.0
CNJ,ATLAS AIR SERVICE,2,2,0,0.0
CNJ,AUGUSTA AIR,4,4,9,3.25
CNJ,AV8JET,2,2,0,0.0
CNJ,AVCON JET AG,24,24,5,0.625
CNJ,AVIATORS,28,28,80,3.892857142857143
CNJ,AVIODELTA,2,2,0,0.0
CNJ,AVN AIR LLC,2,2,0,0.0
CNJ,BACKBONE AVIATION A/,14,14,4,0.4
CNJ,BADEN AIRCRAFT,6,6,1,0.16666666666666666
CNJ,BENAIR A,2,2,0,0.0
CNJ,BESTFLY S.L.,6,6,6,1.0
CNJ,BLINK LTD,106,106,3,0.09433962264150944
CNJ,BLUESTREAM AVIATION,2,2,1,0.5
CNJ,BMW FLUGDIENST,2,2,0,0.0
CNJ,BONAIR,4,4,0,0.0
CNJ,BOOKAJET,6,6,2,1.0
CNJ,CAPITAL AIRCRAFT,2,2,2,1.0
CNJ,CARTIER EUROPE BV,14,14,0,0.0
CNJ,CASINO ADVANCED TECH,2,2,2,1.0
CNJ,CATREUS LIMITED,4,4,5,1.25
CNJ,CCF MANAGER AIRLINE,2,2,0,0.0
CNJ,CENTRELINE AIR CHART,8,8,2,0.5
CNJ,CESSNA AIRCRAFT,4,4,4,1.5
CNJ,CESSNA FINANCE CORP,2,2,0,0.0
CNJ,CROSS AVIATION LTD,2,2,0,0.0
CNJ,DAIMLERCHRYSLER AVIA,62,62,6,0.9516129032258065
CNJ,DC AVIATION GMBH,14,14,0,0.0
CNJ,DONAU-AIR-SERVICE GM,4,4,0,0.0
CNJ,EASYJET AIRLINES CO,2,2,0,0.0
CNJ,EFD EISELE FLUGDIENS,8,8,6,2.0
CNJ,EFS EUROPEEN FLIGHT,2,2,0,0.0
CNJ,ELIT'AVIA,2,2,9,5.0
CNJ,EURAVIATION SRL,4,4,6,2.5
CNJ,EUROJET AVIATION LTD,6,6,2,1.3333333333333333
CNJ,EUROLINK GMBH,2,2,6,3.0
CNJ,EUROP STAR AIRCRAFT,20,20,6,0.65
CNJ,EUROPSTAR AIRCRAFT G,2,2,0,0.0
CNJ,EXCELLENT AIR GMBH,6,6,3,0.5
CNJ,EXECUJET EUROPE AG,2,2,3,1.5
CNJ,EXXAERO BV,2,2,0,0.0
CNJ,EXXEAERO BV,2,2,0,0.0
CNJ,FAIRJETS,4,4,0,0.0
CNJ,FLEXFLIGHT APS,8,8,4,0.5
CNJ,FLYING GROUP LUX,2,2,0,0.0
CNJ,FLYING PARTNERS C.V.,2,2,1,0.5
CNJ,FLYING SERVICE N.V.,16,16,3,0.375
CNJ,FLYJET SP Z.O.O,2,2,3,1.5
CNJ,FLYJET SP ZOO,2,2,2,2.0
CNJ,FORCE AERIENNE MAROC,22,22,1,0.045454545454545456
CNJ,GERMAN PRIVATE JET,4,4,5,1.5
CNJ,GESTAIR EXECUTIVE JE,12,12,5,0.8333333333333334
CNJ,GIO AVIATION LTD,2,2,5,3.5
CNJ,GLOBAL JET LUXEMBOUR,2,2,2,2.0
CNJ,GLOBAL TAXI AERO LTD,1,1,0,0.0
CNJ,GLOBEAIR AG,52,52,4,0.5769230769230769
CNJ,GOLDECK-FLUG GMBH,4,4,1,0.25
CNJ,H.BIRD AVIATION SERV,10,10,6,0.8
CNJ,HANGAR 8 AOC MALTA L,2,2,0,0.0
CNJ,HERON AVIATION,2,2,0,0.0
CNJ,HTM JET SERVICE,20,20,2,0.4
CNJ,INTERNATIONAL JET MA,4,4,0,0.0
CNJ,ITALFLY SRL,2,2,0,0.0
CNJ,IXAIR S.A.,4,4,1,0.5
CNJ,IXAIR SAS,3,3,0,0.0
CNJ,JC DECAUX GROUP SERV,2,2,2,1.0
CNJ,JC DECAUX SA,2,2,0,0.0
CNJ,JET AVIATION BUSINES,4,4,3,0.75
CNJ,JET POOL NETWORK,2,2,3,1.5
CNJ,JET SERVICE SP Z.O.O,4,4,3,2.0
CNJ,JET-STREAM LTD,2,2,0,0.0
CNJ,JET24 GMBH,2,2,0,0.0
CNJ,JETFLY AIRLINE GMBH,2,2,0,0.0
CNJ,JETFLY AVIATION SA,4,4,0,0.0
CNJ,JETNETHERLANDS B.V.,10,10,1,0.1
CNJ,JIVAIR,2,2,0,0.0
CNJ,JIVAIR AB,4,4,6,1.5
CNJ,JK JETKONTOR AG,14,14,0,0.0
CNJ,JUTLAND JETS,4,4,4,2.0
CNJ,KLASJET UAB,2,2,0,0.0
CNJ,LA BAULE AVIATION,2,2,0,0.0
CNJ,LIEBHERR-AEROSPACE L,2,2,3,2.0
CNJ,LINXAIR,2,2,2,1.0
CNJ,LONDON EXECUTIVE AVI,20,20,3,0.4
CNJ,LUXAVIATION S.A.,2,2,2,1.0
CNJ,LUXEMBOURG AIR AMBUL,2,2,0,0.0
CNJ,LUXWING LTD,2,2,0,0.0
CNJ,MACH FLUGGESELLSCHAF,2,2,0,0.0
CNJ,MALETH-AERO AOC LTD,4,4,1,0.25
CNJ,MALI AIR LUFTVERKEHR,2,2,3,1.5
CNJ,MARMARA SINAI VE TIC,2,2,0,0.0
CNJ,MASTERJET AVIACAO,4,4,2,0.5
CNJ,MINISTERE INTERIEUR,2,2,3,1.5
CNJ,NTA,202,202,6,0.49504950495049505
CNJ,OCEANSKIES,2,2,5,2.5
CNJ,OPERA JET S.R.O.,4,4,2,1.0
CNJ,OYONNAIR,2,2,0,0.0
CNJ,PHS PREMIUM AVIATION,2,2,2,1.0
CNJ,PONTAIR,2,2,0,0.0
CNJ,PORSCHE AIR SERVICE,2,2,1,0.5
CNJ,PRINCE AVIATION,2,2,8,4.0
CNJ,PRIVATE SKY,2,2,0,0.0
CNJ,PROAIR AVIATION GMBH,4,4,0,0.0
CNJ,QUEEN AIR S.R.O,2,2,0,0.0
CNJ,REAL FLY,2,2,0,0.0
CNJ,ROCKWELL COLLINS FLI,4,4,6,1.5
CNJ,SALEM AVIATION,2,2,0,0.0
CNJ,SALZBURGJETAVIATION,2,2,0,0.0
CNJ,SCANWINGS OY,2,2,2,1.0
CNJ,SERLUX SA,2,2,0,0.0
CNJ,SFD STUTTGARTER FLUG,4,4,0,0.0
CNJ,SIGNATURE FLIGHT SUP,2,2,1,0.5
CNJ,SILESIA AIR S.R.O.,16,16,4,0.375
CNJ,SILVER CLOUD AIR,14,14,2,0.42857142857142855
CNJ,SMARTWINGS,20,20,5,0.7
CNJ,SOLARIS AVIATION SA,2,2,2,1.0
CNJ,SONNIG S.A.,2,2,0,0.0
CNJ,SPEEDWINGS EXECUTIV,2,2,4,3.5
CNJ,SPEEDWINGS EXECUTIVE,14,14,7,1.2142857142857142
CNJ,STAR SERVICE INTL,2,2,2,1.0
CNJ,STARWINGS DORTMUN,2,2,0,0.0
CNJ,STEINER FILMS AVIATI,2,2,0,0.0
CNJ,SUNDT AIR A,2,2,0,0.0
CNJ,SURAVIATION SL,2,2,0,0.0
CNJ,SWISS AIR FORCE,2,2,0,0.0
CNJ,TAG AVIATION ESPANA,2,2,0,0.0
CNJ,TAV HAVACILIK A S,2,2,0,0.0
CNJ,THE PRIVATE JET COMP,2,2,0,0.0
CNJ,TIME AIR S.R.O.,2,2,2,1.0
CNJ,TOYO AVIATION,4,4,0,0.0
CNJ,TRANSAVIA FLUGGESELL,2,2,4,3.0
CNJ,TRAVEL SERVICE,20,20,7,1.65
CNJ,TRTO AGENCY,4,4,0,0.0
CNJ,TYROL AIR AMBULANCE,6,6,1,0.3333333333333333
CNJ,TYROLEAN JET SERVICE,2,2,0,0.0
CNJ,UNIJET S.A.,10,10,0,0.0
CNJ,UNIVERSAL AIRWAYS IN,2,2,0,0.0
CNJ,VALAIR PRIVATES JETS,4,4,0,0.0
CNJ,WALTAIR EUROPE AB,4,4,0,0.0
CNJ,WIJET JET ENTREPRENE,166,166,3,0.030120481927710843
CNJ,WINAIR DOO,4,4,1,0.25
CNJ,WINDROSE AIR,12,12,2,0.16666666666666666
CNJ,WORLD TRADE AIRCRAFT,2,2,0,0.0
CNJ,XL AIRWAYS FRANCE,2,2,6,3.0
CRJ,ADRIA AIRWAYS,3958,3958,93,50.20237493683678
CRJ,AERONOVA S.L.,2,2,19,9.5
CRJ,AIR CORSICA,83,83,100,60.48192771084337
CRJ,AIR FRANCE,131181,131181,107,68.04926018249594
CRJ,AIR LITUANICA,2,2,50,48.5
CRJ,AIR NOSTRUM L.A.M.,576,576,105,47.810763888888886
CRJ,AIR X CHARTER GMBH,4,4,40,10.0
CRJ,AIR X CHARTER LTD,18,18,15,2.4444444444444446
CRJ,AK BARS AERO,2,2,0,0.0
CRJ,AVCON JET AG,2,2,1,0.5
CRJ,BACKBONE AVIATION A/,8,8,100,75.0
CRJ,BELAVIA,96,96,50,37.09375
CRJ,BLUE SQUARE AVIATION,2,2,4,2.0
CRJ,BMI REGIONAL,44,44,45,30.0
CRJ,BRITAIR,238,238,0,0.0
CRJ,EASTERN AIRWAYS (UK),1,1,0,0.0
CRJ,ESTONIAN AIR,588,588,89,69.0561224489796
CRJ,EUROWINGS AG,616,616,103,58.91558441558441
CRJ,FAI AIRSERVICES AG,8,8,50,19.125
CRJ,FLYBE,3,3,42,33.333333333333336
CRJ,GEORGIAN AIRWAYS,42,42,50,19.523809523809526
CRJ,GERMANWINGS GMBH,1372,1372,89,59.599854227405245
CRJ,HERMES AIRLINES,2,2,49,24.5
CRJ,HOP!,23444,23444,105,56.99483876471592
CRJ,IBERIA,950,950,101,48.23789473684211
CRJ,IMPERIAL JET SA,2,2,10,5.0
CRJ,JETNETHERLANDS B.V.,2,2,5,2.5
CRJ,LAUDAMOTION GMBH,2,2,5,2.5
CRJ,LUFTHANSA,4374,4374,88,52.338820301783265
CRJ,LUXAVIATION S.A.,2,2,0,0.0
CRJ,PROAIR AVIATION GMBH,6,6,50,22.0
CRJ,REGIONAL JET OÜ,4,4,88,39.5
CRJ,RUSLINE,6,6,25,9.0
CRJ,SCANDINAVIAN,448,448,101,78.74107142857143
CRJ,SEVENAIR,18,18,87,60.0
CRJ,SWISS INTL AIR LINES,6,6,78,73.5
CRJ,TRANSAVIA.COM,14,14,99,78.0
CRJ,TUNIS AIR,2,2,56,54.0
CRJ,TUNISAIR EXPRESS,634,634,96,58.646687697160885
CRJ,VISTAJET,18,18,10,1.9444444444444444
CRJ,VISTAJET LIMITED,12,12,7,0.5833333333333334
CRJ,VUELING AIRLINES SA,28,28,100,90.35714285714286
CS5,AMBASSADE ETATS-UNIS,2,2,0,0.0
CS5,AMBASSADE MAROC,6,6,0,0.0
CS5,COTAM,121,121,32,0.4132231404958678
CS5,CZECH AIR FORCE,4,4,4,1.0
CS5,FORCE AERIENNE MAROC,12,12,0,0.0
CS9,AMBASSADE EGYPTE,2,2,0,0.0
CS9,POLISH AIR FORCE,2,2,31,31.0
CSB,AGL SKY A.V.V,2,2,0,0.0
CSB,AIR BALTIC,1178,1178,147,119.37011884550085
CSB,BOMBARDIER INC,4,4,1,0.25
CSB,SWISS INTL AIR LINES,2054,2054,140,95.81158714703018
D1F,FORCE AER. PAYS-BAS,2,2,0,0.0
D38,AERODIENST,2,2,0,0.0
D38,DENIM AIR,2,2,22,11.0
D38,MHS AVIATION GMBH,20,20,33,17.15
D38,PRIVATE WINGS,8,8,24,3.0
D38,SUN AIR OF SCANDINAV,4,4,13,3.25
D38,TYROL AIR AMBULANCE,6,6,1,0.16666666666666666
D38,WELCOMA AIR,4,4,33,29.5
DF8,AMJET EXECUTIVE S.A,2,2,0,0.0
DFL,ABELAG AVIATION,12,12,6,1.0833333333333333
DFL,ACM AIR CHARTER,2,2,0,0.0
DFL,AERO VISION,8,8,7,0.875
DFL,AEROMANAGEMENT GROUP,2,2,4,2.0
DFL,AH FLEET SERVICES,4,4,0,0.0
DFL,AIR ALSIE,18,18,10,1.3333333333333333
DFL,AIR FRANCE,276,276,10,1.2971014492753623
DFL,AIR ONE,8,8,3,0.625
DFL,AIRCRAFT HANDLING SE,2,2,0,0.0
DFL,AIRFIX AVIATION OY,4,4,0,0.0
DFL,ALFA AIR,2,2,0,0.0
DFL,ALPHA GOLF AVIATION,2,2,0,0.0
DFL,AMBASSADE GHANA,4,4,0,0.0
DFL,AMBASSADE ITALIE,8,8,9,1.875
DFL,AMBASSADE MAROC,2,2,0,0.0
DFL,AMBASSADE NAMIBIE,2,2,0,0.0
DFL,AMBASSADE NIGER,4,4,16,14.5
DFL,AMBASSADE SERBIE,6,6,0,0.0
DFL,AMBASSADE TOGO,2,2,0,0.0
DFL,AMBASSADE TURQUIE,2,2,0,0.0
DFL,AMJET EXECUTIVE S.A,4,4,5,1.25
DFL,ARINC DIRECT,2,2,3,3.0
DFL,AS AILES,2,2,0,0.0
DFL,AVCON JET AG,2,2,0,0.0
DFL,AVIATION BEAUPORT LT,2,2,0,0.0
DFL,BERTELSMANN AVIATION,4,4,0,0.0
DFL,BLUE CHIP JET HB,2,2,6,3.0
DFL,BLUE WATER LTD,2,2,0,0.0
DFL,BMW FLUGDIENST,2,2,7,6.5
DFL,BUSINESS AVIATION AS,2,2,0,0.0
DFL,C.A.I.,8,8,15,1.875
DFL,CAT AVIATION AG,4,4,2,0.5
DFL,CENGIZ AVIATION SA,2,2,0,0.0
DFL,CENTRELINE AIR CHART,2,2,0,0.0
DFL,CHARTER AIR LTD,2,2,2,1.0
DFL,"CHARTER JETS, UAB",2,2,0,0.0
DFL,CORPORATE JET LTD,2,2,0,0.0
DFL,CORPORATEJETS XXI SA,2,2,4,2.0
DFL,COTAM,1489,1489,13,0.10006715916722633
DFL,DASSAULT AVIATION,4,4,0,0.0
DFL,DASSAULT FALCON SERV,20,20,12,1.0
DFL,DELANE FINANCE LIMIT,2,2,0,0.0
DFL,EAGLE FLIGHT SERV,2,2,0,0.0
DFL,EMPIRE AVIATION,2,2,0,0.0
DFL,ENERGY JET SRL,2,2,0,0.0
DFL,EUROFLY SERVICE SPA,2,2,0,0.0
DFL,EUROP STAR AIRCRAFT,2,2,0,0.0
DFL,EXECUTIVE AIRLINES,4,4,10,5.0
DFL,FAI AIRSERVICES AG,4,4,2,0.5
DFL,FALCONAGAIN INC,2,2,0,0.0
DFL,FINESSE EXECUTIVE,2,2,0,0.0
DFL,FLYING GROUP,2,2,0,0.0
DFL,FLYING GROUP LUX,2,2,0,0.0
DFL,FLYING SERVICE N.V.,18,18,3,1.5555555555555556
DFL,FORCE AER. ESPAGNE,14,14,14,4.142857142857143
DFL,FORCE AERIENNE FRANC,1,1,0,0.0
DFL,FORCE AERIENNE ITALI,8,8,0,0.0
DFL,FORCE AERIENNE MAROC,14,14,3,0.2857142857142857
DFL,FORCE AERIENNE PORTU,2,2,0,0.0
DFL,FRANCE MARINE NATION,44,44,4,0.13636363636363635
DFL,GAMA AVIATION,2,2,0,0.0
DFL,GESTAIR EXECUTIVE JE,10,10,5,0.5
DFL,GLOBAL JET LUXEMBOUR,32,32,7,0.46875
DFL,HALKIN JET SRL,2,2,0,0.0
DFL,HERON AVIATION,2,2,3,1.5
DFL,HYPERION AVIATION LT,2,2,4,2.0
DFL,INTERNATIONAL JET MA,12,12,10,2.25
DFL,INTERNET JET BV,2,2,1,0.5
DFL,IQ AIR B.V.,2,2,0,0.0
DFL,IVORY JET SERVICES,2,2,0,0.0
DFL,J-MAX AIR SERVICES L,2,2,0,0.0
DFL,JEPPESEN UK,6,6,0,0.0
DFL,JET AVIATION BUSINES,6,6,2,0.6666666666666666
DFL,JET MANAGEMENT EUROP,2,2,1,0.5
DFL,JETCAPITAL AVIATION,2,2,0,0.0
DFL,KEY AIR LLC,2,2,0,0.0
DFL,LODGINGS 2000 LP,2,2,0,0.0
DFL,MASTERJET AVIACAO,8,8,0,0.0
DFL,MEDIA AVIATION LTD,2,2,0,0.0
DFL,MICHELIN AIR SERVICE,42,42,8,0.5
DFL,MONACAIR,2,2,9,9.0
DFL,MSC AVIATION SA,2,2,0,0.0
DFL,NIK AIR,4,4,8,3.0
DFL,NTA,50,50,9,0.44
DFL,OCEAN SKY (UK) LTD,2,2,14,7.0
DFL,PDVSA PETROLEO SA,2,2,0,0.0
DFL,PPAR AVIATION,2,2,0,0.0
DFL,RABBITAIR AG,4,4,0,0.0
DFL,REGIONAL AIR LINES,2,2,0,0.0
DFL,ROCKWELL COLLINS FLI,2,2,1,0.5
DFL,ROCKWELL COLLINS FR,4,4,0,0.0
DFL,ROYAL AIR FORCE,2,2,1,0.5
DFL,SATA AIR ACORES,2,2,0,0.0
DFL,SAUDIA,2,2,0,0.0
DFL,SDY LEASING LLC,2,2,6,3.0
DFL,SERVIZI AEREI SPA,2,2,1,0.5
DFL,SHELL AIRCRAFT LTD,4,4,0,0.0
DFL,SIERRA PACIFIC LLC,2,2,0,0.0
DFL,SIRIO SPA,14,14,3,0.35714285714285715
DFL,SKYFRIST LTD,8,8,0,0.0
DFL,SN TRANS HELICOPTER,4,4,2,0.75
DFL,SPECIAL FLIGHT DET,2,2,0,0.0
DFL,SWISS AIR FORCE,10,10,0,0.0
DFL,TAG AVIATION (UK),10,10,3,0.3
DFL,TAG AVIATION SA,4,4,8,3.0
DFL,TRANS HELICOPTERES,2,2,1,0.5
DFL,UNIJET S.A.,18,18,2,0.3333333333333333
DFL,UNIVERSAL AIRWAYS IN,6,6,0,0.0
DFL,VENTURA HOLDING SA,2,2,6,3.0
DFL,VIA FELIZ IL LLC,4,4,2,0.5
DFL,VINAIR,8,8,4,1.0
DFL,VW AIR SERVICES,14,14,2,0.2857142857142857
DFL,WING AND ROTOR TRANS,2,2,0,0.0
DH8,AIR BERLIN INC,2,2,71,35.5
DH8,EUROLOT S.A.,254,254,73,35.04330708661417
DH8,EUROWINGS AG,465,465,80,58.40860215053763
DH8,FLYBE,21273,21273,396,52.29807737507639
DH8,GERMANWINGS GMBH,1,1,0,0.0
DH8,LUXAIR,6634,6634,80,46.92282182695207
DH8,MINISTERE INTERIEUR,18,18,50,5.888888888888889
DH8,SKYWORK SA,6,6,52,22.5
DH8,SWISS INTL AIR LINES,34,34,74,56.588235294117645
EC3,AVIAXESS,2,2,0,0.0
EC3,GENDARMERIE NATIONAL,2,2,0,0.0
EC3,HELI CHALLENGE,2,2,6,3.0
EC3,HELIBERTE HJS,4,4,4,1.5
EC3,HELICAP,4,4,3,0.75
EC3,HELIPASS,2,2,0,0.0
EC3,LIXXBAIL,2,2,3,1.5
EC3,MONT BLANC HELICOPTE,2,2,1,0.5
EC3,SAF HELICOPTERES SA,8,8,4,0.625
EC4,BABCOCK MCS FRANCE,2,2,0,0.0
EC4,MBH SAMU,2,2,0,0.0
EC4,MINISTERE INTERIEUR,2,2,0,0.0
EC5,HELIFIRST,2,2,1,0.5
EM2,BUDAPEST AIRCRAFT SE,2,2,24,19.0
EM2,COTAM,4,4,0,0.0
EM2,FEDEX,4362,4362,0,0.0
EM2,FRANCE MARINE NATION,33,33,5,0.36363636363636365
EM2,REGIONAL AIR LINES,3,3,0,0.0
EM2,SWIFTAIR SA,119,119,0,0.0
EMJ,AIR BERLIN INC,6,6,112,100.66666666666667
EMJ,AIR CORSICA,1,1,0,0.0
EMJ,AIR DOLOMITI SRL,18,18,119,54.27777777777778
EMJ,AIR EUROPA,10928,10928,122,97.85505124450951
EMJ,AIR FRANCE,243808,243808,108,66.79376394539966
EMJ,AIR LITUANICA,534,534,85,51.54119850187266
EMJ,AIR MOLDOVA,6,6,103,42.333333333333336
EMJ,AL JABER AVIATION,2,2,40,20.0
EMJ,ALITALIA,4781,4781,101,67.82033047479607
EMJ,ALITALIA COMPAGNIA,1,1,68,68.0
EMJ,ARKIA ISRAELI AIRLIN,182,182,118,85.32967032967034
EMJ,AUGSBURG AIRWAYS,2,2,80,40.0
EMJ,AUSTRIAN AIRLINES,24,24,108,79.75
EMJ,BA CITYFLYER,11,11,78,28.363636363636363
EMJ,BELAVIA,1682,1682,107,71.09453032104638
EMJ,BMI REGIONAL,4,4,62,39.0
EMJ,BORAJET,24,24,98,62.208333333333336
EMJ,BRITISH AIRWAYS,1957,1957,98,56.211037301992846
EMJ,BULGARIA AIR  EAD,2718,2718,109,89.67696835908757
EMJ,C.A.I. Second S.p.A.,112,112,99,57.125
EMJ,CIRRUS AIRLINES,4,4,61,28.25
EMJ,CROATIA AIRLINES,2,2,108,101.0
EMJ,DALIA AIR,2,2,1,0.5
EMJ,DENIM AIR,64,64,94,31.796875
EMJ,EASTERN AIRWAYS (UK),164,164,60,27.201219512195124
EMJ,ESTONIAN AIR,114,114,77,46.91228070175438
EMJ,EUROWINGS AG,6,6,96,71.16666666666667
EMJ,FINNAIR,4734,4734,114,74.19412758766371
EMJ,FLYBE,34134,34134,121,74.24362805413956
EMJ,FORCE AERIENNE BRESI,2,2,11,7.5
EMJ,GEORGIAN AIRWAYS,54,54,95,61.407407407407405
EMJ,GERMANWINGS GMBH,2,2,71,69.5
EMJ,HELVETIC AIRWAYS AG,2,2,106,84.0
EMJ,HOP!,2154,2154,100,4.831012070566388
EMJ,HOP! REGIONAL SAS,2,2,0,0.0
EMJ,JETAIRFLY,2,2,84,42.0
EMJ,KENYA AIRWAYS,1,1,0,0.0
EMJ,KLM,6,6,52,9.333333333333334
EMJ,LOT,13579,13579,118,66.14551881581855
EMJ,LUFTHANSA,6794,6794,120,79.18913747424197
EMJ,LUXAIR,2,2,102,87.0
EMJ,MONTENEGRO AIRLINES,2542,2542,124,76.50668764752163
EMJ,NIKI LUFTFAHRT GMBH,236,236,133,89.83050847457628
EMJ,REGIONAL CIE AERIENN,284,284,100,6.330985915492958
EMJ,ROYAL AIR MAROC,170,170,97,73.37058823529412
EMJ,SWISS INTL AIR LINES,388,388,111,85.5798969072165
EMJ,TAP PORTUGAL,372,372,119,82.97043010752688
EMJ,TRANSAVIA.COM,4,4,99,46.75
EMJ,TUI FLY BELGIUM,2,2,99,49.5
EMJ,UKRAINE INTL AIRLINE,150,150,99,65.40666666666667
EMJ,VUELING AIRLINES SA,2,2,115,115.0
EML,ASL AIR SERVICE LIEG,4,4,0,0.0
EML,ATLAS AIR SERVICE,2,2,0,0.0
EML,CENTRELINE AIR CHART,4,4,8,2.0
EML,MIDDLE EAST AIRLINES,2,2,1,1.0
EPH,ABS JETS A.S.,2,2,2,1.0
EPH,AERODIENST,4,4,6,2.0
EPH,AEROTAXI S.R.O,2,2,0,0.0
EPH,AIR FRANCE,68,68,7,1.161764705882353
EPH,AIR HAMBURG,8,8,0,0.0
EPH,ARCUS-AIR LOGISTIC,29,29,4,0.3103448275862069
EPH,CHALAIR AVIATION,20,20,15,6.75
EPH,DONAU-AIR-SERVICE GM,2,2,0,0.0
EPH,FAMILY AIRLINES SA,2,2,5,2.5
EPH,FEDEX,1,1,0,0.0
EPH,FLAIR JET LTD,4,4,5,1.25
EPH,JET AVIATION BUSINES,2,2,0,0.0
EPH,JETKEY SAS,8,8,0,0.0
EPH,MANHAG AG,6,6,3,1.0
EPH,NTA,12,12,2,0.16666666666666666
EPH,PAN EUROPEENNE AIR S,18,18,2,0.16666666666666666
EPH,POOL AVIATION,4,4,2,0.5
EPH,SOVEREIGN BUSINESS J,4,4,2,0.5
EPH,SPEEDWINGS EXECUTIVE,2,2,0,0.0
EPH,TITAN AIRWAYS LTD,4,4,0,0.0
EPH,VALAIR PRIVATES JETS,2,2,3,1.5
EPI,GLOBUS LLC,2,2,0,0.0
ERJ,AERO4M,108,108,50,20.12962962962963
ERJ,AIGLE AZUR,10,10,19,8.4
ERJ,AIR CHARTER SCOTLAND,4,4,0,0.0
ERJ,AIR FRANCE,18013,18013,53,38.819130627879865
ERJ,AIR HAMBURG,42,42,11,0.5952380952380952
ERJ,AIR LITUANICA,10,10,44,35.3
ERJ,AIR X CHARTER LTD,18,18,12,1.3333333333333333
ERJ,AIRLINAIR,43,43,47,7.395348837209302
ERJ,AMBASSADE NIGER,2,2,0,0.0
ERJ,ARINC DIRECT,2,2,6,5.0
ERJ,AVANTI_AIR GMBH & CO,2,2,100,50.0
ERJ,AVCON JET AG,6,6,6,1.0
ERJ,AVCON JET MALTA LTD,2,2,1,0.5
ERJ,BERKUT STATE AIR CIE,2,2,0,0.0
ERJ,BMI REGIONAL,4022,4022,59,26.535554450522127
ERJ,BRITAIR,11,11,0,0.0
ERJ,BRUSSELS AIRLINES,2,2,38,19.0
ERJ,COMLUX KZ,2,2,1,0.5
ERJ,DARWIN AIRLINE,1,1,0,0.0
ERJ,DENIM AIR,53,53,50,21.18867924528302
ERJ,EASTERN AIRWAYS (UK),2738,2738,50,26.966398831263696
ERJ,EFS EUROPEEN FLIGHT,6,6,10,1.6666666666666667
ERJ,EMPIRE AVIATION,2,2,0,0.0
ERJ,ENHANCE AERO GROUP,27,27,50,18.25925925925926
ERJ,ESTONIAN AIR,2,2,49,47.5
ERJ,EXECUJET (UK) LTD,2,2,2,1.0
ERJ,EXECUJET UK LTD,10,10,10,1.7
ERJ,FLIGHTS HOLDINGS LTD,2,2,0,0.0
ERJ,FLYBE,1946,1946,50,31.60585817060637
ERJ,FORCE AERIENNE BELGI,24,24,34,2.7916666666666665
ERJ,FORCE AERIENNE GRECE,4,4,0,0.0
ERJ,G.OPS_SARL,8,8,40,7.75
ERJ,G5 EXECUTIVE AG,4,4,2,1.0
ERJ,GLOBAL JET LUXEMBOUR,2,2,5,2.5
ERJ,GROSSMANN JET SERVIC,2,2,0,0.0
ERJ,HOP!,1094,1094,112,23.691042047531994
ERJ,JET SERVICE SP Z.O.O,2,2,0,0.0
ERJ,JETNETHERLANDS B.V.,10,10,28,10.5
ERJ,LINXAIR,30,30,49,16.066666666666666
ERJ,LONDON EXECUTIVE AVI,38,38,15,1.5526315789473684
ERJ,LUXAIR,8600,8600,58,30.357790697674417
ERJ,MACBENS PATRIMONIAL,4,4,0,0.0
ERJ,NOMAD AVIATION AG,2,2,0,0.0
ERJ,PAN EUROPEENNE AIR S,313,313,49,17.789137380191693
ERJ,REGIONAL CIE AERIENN,154,154,50,8.551948051948052
ERJ,RUSJET,2,2,4,4.0
ERJ,SHANNON AIR UKRAINE,2,2,4,4.0
ERJ,SIAVIA D.O.O,190,190,50,18.92105263157895
ERJ,TAG AVIATION (UK),6,6,0,0.0
ERJ,TAG AVIATION USA INC,2,2,0,0.0
ERJ,TAP PORTUGAL,884,884,47,37.831447963800905
ERJ,TNT AIRWAYS,14,14,0,0.0
F27,EUROPE AIRPOST,2733,2733,1,0.0018294914013904135
F27,MINILINER SRL,2,2,0,0.0
F50,AIR FRANCE,12317,12317,51,31.925062921165868
F50,AIRLINAIR,39,39,48,18.025641025641026
F50,ALMAJET,2,2,2,1.0
F50,BLUE ISLANDS,4,4,50,35.25
F50,CITYJET,4448,4448,56,26.442221223021583
F50,DARWIN AIRLINE,6,6,38,18.833333333333332
F50,DENIM AIR,56,56,50,16.464285714285715
F50,FEDEX,8,8,0,0.0
F50,HOP!,54,54,50,16.962962962962962
F50,VLM AIRLINES N.V.,84,84,56,18.678571428571427
F5F,FEDEX,2,2,0,0.0
F70,AIR FRANCE,4,4,8,3.25
F70,AMBASSADE KENYA,4,4,21,5.25
F70,KLM,10,10,80,14.7
FRJ,SUN AIR OF SCANDINAV,22,22,32,11.272727272727273
G22,FORCE AERIENNE MAROC,18,18,0,0.0
G22,ROYAL AIR MAROC,2,2,0,0.0
GR1,AIR FRANCE,14,14,3,0.8571428571428571
GR1,AVCON JET AG,2,2,1,0.5
GR1,JETEX FLT SUPPORT,2,2,1,0.5
GR1,TAG AVIATION ESPANA,4,4,2,1.0
GR1,WINDROSE AIR,8,8,3,0.625
GRJ,ABS JETS A.S.,2,2,4,2.0
GRJ,ADVANCED AIR MANAGEM,2,2,13,13.0
GRJ,AIR ALGERIE,4,4,0,0.0
GRJ,AIR FRANCE,70,70,13,1.4857142857142858
GRJ,AIRCRAFT MAGMT AND C,2,2,0,0.0
GRJ,ALBINATI AERONAUTICS,4,4,0,0.0
GRJ,ALPHA STAR,2,2,0,0.0
GRJ,ALPINE FLIGHTSERVIC,6,6,1,0.16666666666666666
GRJ,AMBASSADE ALGERIE,8,8,12,3.0
GRJ,AMBASSADE EGYPTE,6,6,12,4.0
GRJ,AMBASSADE ETATS-UNIS,10,10,5,0.7
GRJ,AMBASSADE MEXIQUE,2,2,0,0.0
GRJ,AMBASSADE OMAN,2,2,0,0.0
GRJ,AMBASSADE OUGANDA,4,4,0,0.0
GRJ,AMBASSADE POLOGNE,4,4,0,0.0
GRJ,AMBASSADE TANZANIE,2,2,14,7.0
GRJ,AMBASSADE TURQUIE,8,8,10,2.5
GRJ,AVCON JET AG,2,2,0,0.0
GRJ,BAHRAIN AMIRI FLIGHT,8,8,0,0.0
GRJ,BANK OF UTAH TRUSTEE,2,2,0,0.0
GRJ,BASEOPS INTL,2,2,2,1.0
GRJ,BLUE STAR MANAGEMENT,2,2,8,4.0
GRJ,BMW FLUGDIENST,2,2,15,15.0
GRJ,BUSINESS AVIATION C,2,2,2,1.0
GRJ,CHARTRIGHT AIR INC,4,4,0,0.0
GRJ,CITATION 123 CORP,2,2,0,0.0
GRJ,CLAY LACY AVIATION,2,2,0,0.0
GRJ,COCA-COLA ENTERPRISE,2,2,0,0.0
GRJ,COLT INTERNATIONAL E,2,2,4,2.0
GRJ,CORPORATE WINGS LLC,2,2,6,3.0
GRJ,CPI AVIATION LLC,2,2,1,0.5
GRJ,DAIMLERCHRYSLER AVIA,12,12,6,0.8333333333333334
GRJ,DASSAULT FALCON SERV,2,2,1,0.5
GRJ,DEER JET CO. LTD,2,2,10,5.0
GRJ,DEERE AND COMPAGNY,2,2,0,0.0
GRJ,DOMINION AVT SVCS,2,2,3,3.0
GRJ,DORA13 LTD,2,2,0,0.0
GRJ,EARTH STAR INC,2,2,4,2.0
GRJ,ECLAIR AVIATION S.R.,2,2,2,1.0
GRJ,EDAN LIMITED LLC C/O,2,2,2,1.0
GRJ,EXECUJET EUROPE AG,12,12,3,0.75
GRJ,EXECUJET MIDDLE EAST,2,2,0,0.0
GRJ,EXECUJET UK LTD,2,2,0,0.0
GRJ,EXECUTIVE AIRLINES,8,8,10,2.0
GRJ,EXECUTIVE JET MANAGE,10,10,4,0.5
GRJ,FALCON AVIATION SERV,2,2,0,0.0
GRJ,FLEXJET LLC,2,2,0,0.0
GRJ,FLYING SERVICE N.V.,10,10,0,0.0
GRJ,FORCE AER. PAYS-BAS,2,2,0,0.0
GRJ,FORCE AERIENNE MAROC,100,100,8,0.25
GRJ,G5 EXECUTIVE AG,2,2,3,1.5
GRJ,GAIN JET AVIATION S.,12,12,2,0.16666666666666666
GRJ,GAMA AVIATION,12,12,8,0.6666666666666666
GRJ,GAMA AVIATION SA,2,2,0,0.0
GRJ,GAMA CHARTER INC,4,4,0,0.0
GRJ,GEORGIAN AIRWAYS,2,2,12,6.0
GRJ,GESTAIR EXECUTIVE JE,8,8,3,0.375
GRJ,GLOBAL JET AUSTRIA,4,4,0,0.0
GRJ,GLOBAL JET LUXEMBOUR,10,10,8,1.3
GRJ,GROSSMANN JET SERVIC,2,2,0,0.0
GRJ,GULF COAST CAPITAL H,2,2,0,0.0
GRJ,HANGAR 8 Ltd,4,4,5,1.25
GRJ,HIGH ALTITUDE HOLDIN,28,28,1,0.17857142857142858
GRJ,INEOS AVIATION LLP,2,2,2,1.0
GRJ,INTERNATIONAL JET MA,2,2,0,0.0
GRJ,INTERNATIONAL JETCLU,2,2,0,0.0
GRJ,ION TIRIAC AIR S.A.,2,2,1,0.5
GRJ,J.C BAMFORD EXCAVATO,4,4,0,0.0
GRJ,JBS S.A,2,2,0,0.0
GRJ,JET AVIATION BUSINES,12,12,0,0.0
GRJ,JET AVIATION FLIGHT,2,2,4,2.0
GRJ,JET SERVICE SP Z.O.O,2,2,0,0.0
GRJ,JETEX FLT SUPPORT,2,2,0,0.0
GRJ,JOURNEY AVIATION LLC,6,6,10,2.5
GRJ,KEY AIR LLC,4,4,1,0.25
GRJ,KORFEZ HAVACILIK TUR,2,2,0,0.0
GRJ,KUWAIT AIRWAYS,10,10,10,1.8
GRJ,M-NICE LTD,2,2,0,0.0
GRJ,MJET AVIATION GmbH,4,4,0,0.0
GRJ,MJETS LIMITED,2,2,1,0.5
GRJ,NASJET,2,2,0,0.0
GRJ,NETJETS INTERNATIONA,2,2,0,0.0
GRJ,NEXUS,2,2,0,0.0
GRJ,NTA,24,24,12,1.2916666666666667
GRJ,OS AVIATION LTD,2,2,1,0.5
GRJ,PEAK VIEW LLC,6,6,2,0.8333333333333334
GRJ,PENTASTAR AVIATION,2,2,0,0.0
GRJ,PIA,6,6,0,0.0
GRJ,POLISH AIR FORCE,2,2,0,0.0
GRJ,PRIME JET LLC,2,2,0,0.0
GRJ,QATAR EXECUTIVE,16,16,36,5.3125
GRJ,ROCKWELL COLLINS FLI,2,2,8,4.0
GRJ,ROYAL AIR MAROC,2,2,0,0.0
GRJ,ROYAL JORDANIAN,10,10,0,0.0
GRJ,RUBICON AVIATION LTD,4,4,2,0.5
GRJ,SAAB AB,2,2,0,0.0
GRJ,SAUDIA,6,6,14,3.1666666666666665
GRJ,SAVIN INVESTMENT LTD,2,2,0,0.0
GRJ,SILK WAY BUSINESS,4,4,10,6.25
GRJ,SIRIO SPA,6,6,5,1.6666666666666667
GRJ,SKYPLAN SERVICES,4,4,4,1.25
GRJ,SOLAIRUS AVIATION,2,2,0,0.0
GRJ,TAG AVIATION (UK),2,2,0,0.0
GRJ,TAI LEASING INC,4,4,0,0.0
GRJ,TALON AIR INC,2,2,0,0.0
GRJ,TRANS-EXEC AIR SERVI,2,2,0,0.0
GRJ,TURK HAVA YOLLARI,6,6,0,0.0
GRJ,UNIVERSAL AIRWAYS IN,8,8,1,0.25
GRJ,WELLS FARGO EQPT,2,2,0,0.0
GRJ,WESTERN AIR CHARTER,4,4,4,1.0
GRJ,WINDROSE AIR,2,2,0,0.0
GRJ,WING AVIATION CHAR.,2,2,0,0.0
GRS,AIR FRANCE,4,4,6,2.0
HBA,ACCOR,2,2,3,1.5
HBA,AERODYNAMICS MALAGA,2,2,3,1.5
HBA,AIR FRANCE,56,56,5,0.9642857142857143
HBA,AIRLEC,2,2,0,0.0
HBA,ALBINATI AERONAUTICS,2,2,0,0.0
HBA,ARKIA ISRAELI AIRLIN,2,2,0,0.0
HBA,BOOKAJET,2,2,0,0.0
HBA,"CHARTER JETS, UAB",2,2,1,0.5
HBA,CTR ATMOSPHERICA AVI,2,2,1,0.5
HBA,EICHSFELDAIR GMBH &,2,2,2,1.5
HBA,EUROFLY SERVICE SPA,2,2,0,0.0
HBA,EUROP STAR AIRCRAFT,2,2,2,1.0
HBA,EUROP STAR LIMITED,2,2,0,0.0
HBA,FAIRJETS,2,2,0,0.0
HBA,GESTAIR EXECUTIVE JE,2,2,0,0.0
HBA,HANGAR 8 Ltd,4,4,9,3.25
HBA,IMPERIAL JET SA,2,2,0,0.0
HBA,INTERFLIGHT,4,4,0,0.0
HBA,ITALFLY SRL,2,2,0,0.0
HBA,JET AVIATION BUSINES,18,18,4,0.7777777777777778
HBA,JET SERVICE SP Z.O.O,4,4,2,0.5
HBA,JETBEE CZECH SRO,4,4,0,0.0
HBA,JETEX FLT SUPPORT,2,2,6,3.0
HBA,JOHNSON CONTROLS AG,2,2,2,1.0
HBA,LIRA AVIATION LLC,2,2,0,0.0
HBA,NTA,110,110,5,0.3181818181818182
HBA,OPERA JET S.R.O.,4,4,1,0.25
HBA,PANNON AIR SERVICE,2,2,4,2.0
HBA,POLET,2,2,2,1.0
HBA,PRIMALLIANCE UNION C,2,2,3,3.0
HBA,PRIVATE SKY,4,4,3,1.0
HBA,REGIONAL AIR LINES,2,2,0,0.0
HBA,ROYAL AIR FORCE,18,18,0,0.0
HBA,SAXONAIR,2,2,0,0.0
HBA,SAXONAIR LTD,2,2,0,0.0
HBA,SKYFLEET AVIATION CO,2,2,2,1.0
HBA,SYNERGY AVIATION LTD,2,2,0,0.0
HBA,TAG AVIATION (UK),2,2,0,0.0
HBA,TAG AVIATION SA,2,2,2,1.0
HBA,TATRA JET SRO,2,2,0,0.0
HBA,TAUENAIR GMBH,2,2,2,1.0
HBA,TIME AIR S.R.O.,2,2,0,0.0
HBA,TOP JETS LTD,2,2,6,3.0
HBA,UNIJET S.A.,2,2,0,0.0
HBA,XCLUSIVE JET CHARTER,4,4,3,2.25
HBA,YOLENAL LTD,2,2,0,0.0
IL6,AEROFLOT,2,2,0,0.0
IL6,G.OPS_SARL,2,2,30,19.0
IL6,RUSSIAN FEDERATION A,2,2,0,0.0
IL6,SPECIAL FLIGHT DET,4,4,30,7.5
IL6,UKRAINE,2,2,0,0.0
IL7,224th FLIGHT UNIT,14,14,0,0.0
IL7,G-OPS EUROPE,4,4,0,0.0
IL7,MCHS ROSSII GUAP,2,2,0,0.0
IL7,SILK WAY AIRLINES,4,4,0,0.0
IL7,TALON AIR INC,2,2,0,0.0
IL7,VOLGA-DNEPR AIRLINES,10,10,0,0.0
IL9,AMBASSADE VENEZUELA,2,2,0,0.0
IL9,CUBANA,566,566,294,185.57420494699647
IL9,FORCE AERIENNE VENEZ,2,2,0,0.0
IL9,G.OPS_SARL,4,4,54,21.75
IL9,SPECIAL FLIGHT DET,74,74,80,13.378378378378379
JST,BLUE ISLANDS,8,8,19,4.75
JST,EASTERN AIRWAYS (UK),4,4,27,12.5
K01,ILPAM,2,2,0,0.0
K03,MINISTERE INTERIEUR,2,2,0,0.0
K07,COTAM,2,2,0,0.0
K10,COTAM,2,2,0,0.0
K10,ROYAL AIR FORCE,8,8,0,0.0
KC5,COTAM,2,2,0,0.0
KC5,FORCE AERIENNE FRANC,13,13,30,2.3076923076923075
LA2,AIR FRANCE,2,2,1,0.5
LOH,AIR ALGERIE,212,212,0,0.0
LOH,AMBASSADE TUNISIE,2,2,0,0.0
LOH,CANADIAN ARMED FORCE,6,6,77,12.833333333333334
LOH,COTAM,2,2,83,41.5
LOH,EUROPE AIRPOST,9,9,0,0.0
LOH,FEDEX,1,1,0,0.0
LOH,FORCE AERIENNE ALGER,2,2,0,0.0
LOH,FORCE AERIENNE BELGI,6,6,0,0.0
LOH,FORCE AERIENNE MAROC,124,124,10,0.20967741935483872
LOH,ROYAL AIR MAROC,2,2,0,0.0
LOH,ROYAL MALAYSIAN AIR,2,2,0,0.0
LOH,ROYAL SAUDI AIR FORC,6,6,0,0.0
LOH,SWEDISH AIR FORCE,2,2,2,1.0
LOH,TUNIS AIR,2,2,0,0.0
LRJ,ADVANCED AIR SUPPORT,1,1,0,0.0
LRJ,AERODIENST,14,14,3,0.42857142857142855
LRJ,AIR ALLIANCE EXPRESS,4,4,0,0.0
LRJ,AIR FRANCE,64,64,5,1.0625
LRJ,AIR VOLTA LTD,2,2,0,0.0
LRJ,ALTAIR JETS CORP,2,2,0,0.0
LRJ,AMBASSADE DU MONTENE,2,2,5,4.5
LRJ,DAIMLERCHRYSLER AVIA,2,2,0,0.0
LRJ,DAT AIRLINES,2,2,0,0.0
LRJ,DRF,2,2,3,3.0
LRJ,ECLAIR AVIATION S.R.,2,2,0,0.0
LRJ,EXECUJET EUROPE AG,2,2,1,0.5
LRJ,FAI AIRSERVICES AG,4,4,1,0.25
LRJ,FOX FLIGHT INC,2,2,0,0.0
LRJ,GAMA AVIATION,6,6,5,1.0
LRJ,GENERAL AVIATION SER,1,1,0,0.0
LRJ,LUXEMBOURG AIR AMBUL,6,6,2,0.6666666666666666
LRJ,MASTERJET AVIACAO,2,2,0,0.0
LRJ,MHS AVIATION GMBH,2,2,0,0.0
LRJ,OMNI,2,2,0,0.0
LRJ,QATAR AMIRI FLIGHT,1,1,0,0.0
LRJ,QUICK AIR JET,1,1,0,0.0
LRJ,RYANAIR,2,2,0,0.0
LRJ,SIRIO SPA,8,8,2,0.5
LRJ,SKYFRIST LTD,4,4,0,0.0
LRJ,TAG AVIATION (UK),2,2,0,0.0
LRJ,TNT AIRWAYS,2,2,0,0.0
LRJ,VISTAJET,20,20,3,0.65
LRJ,ZENITH AVIATION LTD,4,4,0,0.0
M11,AIR FRANCE,12,12,0,0.0
M11,FEDEX,169,169,0,0.0
M1F,AIR FRANCE,50,50,0,0.0
M1F,CHINA SOUTHERN AIR,2,2,0,0.0
M1F,FEDEX,13253,13253,0,0.0
M1F,LUFTHANSA,4,4,0,0.0
M1F,SAUDIA,4,4,0,0.0
M1F,WESTERN GLOBAL AIRLI,2,2,0,0.0
M80,AIGLE AZUR,21,21,165,80.61904761904762
M80,AIR ALGERIE,30,30,163,89.56666666666666
M80,AIR CORSICA,2,2,170,126.0
M80,AIR FRANCE,24,24,135,80.66666666666667
M80,AIR ITALY SPA,8,8,156,73.5
M80,AIR MEDITERRANEE,10,10,176,75.9
M80,AIR MOLDOVA,2,2,73,55.0
M80,ALK AIRLINES,4,4,0,0.0
M80,AMBASSADE CONGO (REP,4,4,0,0.0
M80,ASL AIRLINES FRANCE,5,5,147,107.4
M80,BULGARIAN AIR CHARTE,8,8,162,85.375
M80,CROATIA AIRLINES,4,4,139,64.25
M80,DANISH AIR TRANSPORT,17,17,156,56.588235294117645
M80,DAT AIRLINES,2,2,99,95.0
M80,ENTER AIR,4,4,157,77.75
M80,EUROPE AIRPOST,6,6,144,57.5
M80,JET TIME A/S,1,1,0,0.0
M80,JET2.COM LIMITED,4,4,145,109.75
M80,JETAIRFLY,1,1,0,0.0
M80,MALETH-AERO AOC LTD,4,4,144,72.0
M80,MEDALLION AIR,6,6,99,50.166666666666664
M80,MERIDIANA SPA,306,306,165,102.51633986928104
M80,MISTRAL AIR SRL,22,22,162,92.95454545454545
M80,NEW LIVINGSTON,32,32,165,102.625
M80,NORWEGIAN.NO,2,2,64,49.5
M80,ROYAL AIR MAROC,162,162,167,115.39506172839506
M80,SCANDINAVIAN,2384,2384,153,109.31040268456375
M80,SWIFTAIR SA,18,18,162,72.94444444444444
M80,TAP PORTUGAL,2,2,160,130.0
M80,TRANSAVIA.COM,47,47,180,100.61702127659575
M80,TUNIS AIR,6,6,160,100.66666666666667
M80,TUNISAIR EXPRESS,20,20,127,60.85
M80,VUELING AIRLINES SA,62,62,169,131.58064516129033
M80,WOW AIR,10,10,165,113.0
NDE,FRANCE COPTER,6,6,4,1.3333333333333333
NDE,HELI CHALLENGE,2,2,1,0.5
NDE,HELI EVENEMENT,16,16,3,0.625
NDE,HELIBERTE HJS,12,12,4,1.1666666666666667
NDE,HELIFIRST,60,60,5,0.7166666666666667
NDE,IXAIR S.A.,6,6,4,1.6666666666666667
NDH,HELIFIRST,4,4,8,5.5
NDH,IXAIR S.A.,2,2,8,4.0
P18,AIR FRANCE,20,20,5,0.85
P18,AIRGO FLUGSERVICE,4,4,5,1.25
P18,CHALAIR AVIATION,6,6,7,5.0
P18,K-AIR,24,24,4,0.875
P18,OYONNAIR,2,2,0,0.0
P18,PAN EUROPEENNE AIR S,12,12,3,0.3333333333333333
PAG,FAA REGISTRATIONS LL,2,2,0,0.0
PAG,GILLAIR SPRL,2,2,0,0.0
PAG,JET2.COM LIMITED,2,2,0,0.0
PAG,WOODGATE EXECUTIVE,4,4,3,2.0
PD8,OYONNAIR,2,2,0,0.0
PL2,AIR FRANCE,2,2,4,2.0
PL2,AIR SERVICE LIEGE,4,4,4,1.25
PL2,ASL AIR SERVICE LIEG,6,6,0,0.0
PL2,FIRMA ROLESKI,2,2,4,3.5
PL2,GETONEJET,2,2,0,0.0
PL2,MOLIAIR AG,4,4,5,2.5
PL2,WIDEX A/S,2,2,0,0.0
S20,ADRIA AIRWAYS,16,16,49,37.25
S20,DARWIN AIRLINE,1167,1167,50,20.734361610968296
S20,EASTERN AIRWAYS (UK),143,143,50,24.643356643356643
S20,ETIHAD REGIONAL,6,6,53,16.5
S20,FLYBE,39,39,50,30.46153846153846
S20,LOGANAIR LTD,2,2,50,25.0
S20,OLT,14,14,18,11.214285714285714
SF3,FEDEX,2,2,0,0.0
SF3,RAF-AVIA,4,4,33,16.5
SF3,SKYTAXI SP. Z.O.O.,14,14,26,13.0
SF3,SPRINTAIR S.A.,8,8,30,12.375
SF3,SWEDISH AIR FORCE,2,2,0,0.0
SF3,TWIN JET,2,2,27,17.5
SFF,RAF-AVIA,2,2,0,0.0
SFF,SPRINTAIR S.A.,6,6,1,0.16666666666666666
SU1,ARMAVIA,14,14,67,37.214285714285715
SU1,AVANTI_AIR GMBH & CO,1,1,0,0.0
SU1,BMI REGIONAL,88,88,73,32.15909090909091
SU1,BRUSSELS AIRLINES,6,6,88,33.0
SU1,CITYJET,59,59,103,37.96610169491525
SWF,FEDEX,2,2,0,0.0
SWM,AERONOVA S.L.,2,2,17,8.5
SWM,AIR FRANCE,6,6,4,1.8333333333333333
SWM,AIRLEC,4,4,0,0.0
SWM,FEDEX,2,2,0,0.0
SWM,FLIGHTLINE S.L.,2,2,0,0.0
SWM,FLY LOGIC SWEDEN AB,2,2,0,0.0
SWM,NORTH FLYING,2,2,0,0.0
SWM,SWIFTAIR SA,48,48,0,0.0
T20,AVIASTAR-TU,4,4,0,0.0
T20,G.OPS_SARL,2,2,31,30.5
T20,SPECIAL FLIGHT DET,32,32,100,10.5625
TA1,COTAM,14,14,31,4.428571428571429
TA1,GERMAN AIR FORCE,14,14,33,4.928571428571429
TBM,AVIATION ARMEE TERRE,10,10,0,0.0
TBM,CAVOK INC,2,2,0,0.0
TBM,SCHNE-FROST ERNST SC,2,2,2,2.0
TU5,AEROFLOT,2,2,50,25.0
TU5,AMBASSADE KIRGHIZIST,4,4,0,0.0
TU5,G.OPS_SARL,2,2,50,39.5
TU5,SLOVAK GOVERNMENT FL,12,12,25,4.166666666666667
WWP,TYROL AIR AMBULANCE,2,2,0,0.0
YK2,SARAVIA,2,2,25,22.5
YK4,CZECH AIR FORCE,4,4,0,0.0
YK4,G.OPS_SARL,2,2,0,0.0
YK4,SLOVAK GOVERNMENT FL,6,6,0,0.0
